case_id,conversation_id,tweet_id,parent_tweet_id,created_at,author_id,inbound,text
AMZ_0001,1266439,1266437,1266439,Thu Oct 26 12:52:31 +0000 2017,AmazonHelp,False,<USER_1> Did you provide your information using the link provided by LS? ^MJ
AMZ_0001,1266439,1266438,1266437,Thu Oct 26 12:53:19 +0000 2017,<USER_1>,True,@AmazonHelp Oh yes. This is a new problem however. A bed frame was supposed to be delivered today and it says delayed. <USER_1> has no answers.
AMZ_0001,1266439,1266439,,Thu Oct 26 12:47:49 +0000 2017,<USER_1>,True,When you order shit from <USER_1> and expect it to arrive by the date they say and NOTHING gets here! Awesome. Cool. Amazing. 😡😡😡
AMZ_0001,1266439,1266440,1266438,Thu Oct 26 13:09:34 +0000 2017,AmazonHelp,False,<USER_1> Is there any update on the tracking?^CD
AMZ_0001,1266439,1266441,1266440,Thu Oct 26 13:10:38 +0000 2017,<USER_1>,True,@AmazonHelp Nope it just says delayed.
AMZ_0001,1266439,1266442,1266441,Thu Oct 26 13:17:00 +0000 2017,AmazonHelp,False,"<USER_1> That sucks your package is delayed. For options, go ahead and contact us by chat or phone here: https://t.co/hApLpMlfHN ^DA"
AMZ_0002,912741,912740,912741,Fri Oct 13 20:06:00 +0000 2017,AmazonHelp,False,"<USER_1> We'll reach you, once we receive an update from the concerned team. Appreciate your understanding. (2/2) ^SV"
AMZ_0002,912741,912741,,Fri Oct 13 19:48:09 +0000 2017,<USER_1>,True,<USER_1> team is not as efficient as <USER_1> team.I am following up with India team for last 3weeks but I have not received my cashback yet
AMZ_0002,912741,912742,912741,Fri Oct 13 20:06:00 +0000 2017,AmazonHelp,False,"<USER_1> I understand your concern about the promotional offer, Chetan. We've escalated your concern with internal teams.(1/n) ^SV"
AMZ_0003,2560163,2560161,2560163,Thu Nov 16 17:39:01 +0000 2017,AmazonHelp,False,"<USER_1> Bonsoir, je comprends votre situation, et j'en suis navrée. La commande est-elle expédiée ? Si oui, que mentionne le suivi du colis? ^FT"
AMZ_0003,2560163,2560162,2560161,Thu Nov 16 17:40:59 +0000 2017,<USER_1>,True,@AmazonHelp non … j’ai preco pour m’entendre dire «  nous n’avons plus les produits «  et «  on sait jamais on va peut être les recevoir ce soir ‘ …a 49 aeuros par an … je suis juste dégoutée ….
AMZ_0003,2560163,2560163,,Thu Nov 16 17:34:20 +0000 2017,<USER_1>,True,"@AmazonHelp la franchement , je suis dégoutée …  je paye un service a 49 euros par an … pour du «  on ne sait jamais «  …. J’ai pas les mots .. https://t.co/5CfU4912LU"
AMZ_0003,2560163,2560164,2560162,Thu Nov 16 17:54:30 +0000 2017,AmazonHelp,False,"<USER_1> Merci de nous tenir informé de la situation s'il vous plaît, nous restons à votre disposition en cas de besoin."
AMZ_0003,2560163,2560165,2560164,Thu Nov 16 17:57:23 +0000 2017,<USER_1>,True,"@AmazonHelp ah bah c’est plutôt simple , j’ai demandé a annuler la commande .. chose qui cela dit en passant il n’as pas fait, j’ai du le faire moi.. ET j’aimerai grandement parler a un responsable … parce que la je suis outrée"
AMZ_0003,2560163,2560166,2560165,Thu Nov 16 18:19:28 +0000 2017,AmazonHelp,False,"<USER_1> J'en suis navrée, vous pouvez joindre notre service client par téléphone (appel gratuit depuis un poste fixe), chat ou par mail depuis le lien suivant : https://t.co/qzuu0dgDXz. ^ASZ"
AMZ_0003,2560163,2560167,2560166,Thu Nov 16 18:55:49 +0000 2017,<USER_1>,True,"@AmazonHelp ca va changer quoi de plus ? on va enfin me dire pourquoi je paye 49 euros pour m’entendre dire «  ah bah non ta preco on s’en fous et puis ben peut être que si on en reçoit d’autre ben on t’en enverra un «  , parce que oui c’est clairement ce que je ressens."
AMZ_0003,2560163,2560168,2560167,Thu Nov 16 19:05:26 +0000 2017,AmazonHelp,False,<USER_1> L'avez-vous déjà contacté à ce propos?
AMZ_0003,2560163,2560169,2560168,Thu Nov 16 19:06:26 +0000 2017,<USER_1>,True,@AmazonHelp Bah bien sur . Et c'est ce qu'on m'as répondu. En gros.
AMZ_0003,2560163,2560170,2560169,Thu Nov 16 19:18:00 +0000 2017,AmazonHelp,False,"<USER_1> N'ayant pas accès à votre compte sur Twitter, je vous invite à contacter notre SAV en cliquant sur le lien fourni par mon collègue.
^MD"
AMZ_0003,2560163,2560171,2560170,Thu Nov 16 19:22:11 +0000 2017,<USER_1>,True,@AmazonHelp c’est une blague ? il a falloir que je le dise a combien de personne ?  je peux pas avoir a faire a une seule et meme personne plutôt que vous tous … pour me dire exactement la meme chose ? et que je vous aussi la meme chose ?
AMZ_0003,2560163,2560172,2560171,Thu Nov 16 19:31:29 +0000 2017,AmazonHelp,False,<USER_1> L'abonnement Prime vous donne accès plusieurs avantages notamment de livraison mais n'a aucune influence sur le délai d'approvisionnement des articles. Puisque votre précommande a été annulée nous ne pouvons pas vous assister davantage sur cette demande. ^MH
AMZ_0003,2560163,2560173,2560172,Thu Nov 16 19:33:58 +0000 2017,<USER_1>,True,"@AmazonHelp en revanche , un mail de confirmation disant que je le recevrai le 17 ca dit quoi ?"
AMZ_0003,2560163,2560174,2560173,Thu Nov 16 19:41:00 +0000 2017,AmazonHelp,False,<USER_1> La date estimée de livraison est basée sur le délai annoncé par le fournisseur pour l'approvisionnement. Si vous n'annulez pas la commande l'article vous sera expédié dès réception du stock. ^MH
AMZ_0003,2560163,2560175,2560174,Thu Nov 16 19:43:11 +0000 2017,<USER_1>,True,"@AmazonHelp en fait l’impression que vous jouer avec moi la.  Parce le Mr que j’ai eu sur le chat m’as dit «  on sait jamais peut être ce soir , peut être demain » …"
AMZ_0003,2560163,2560176,2560175,Thu Nov 16 19:46:01 +0000 2017,AmazonHelp,False,"<USER_1> C'est pour cela qu'il est nécessaire joindre notre SAV afin d'accéder à votre compte pour en savoir plus. Puisque votre commande est annulée, aucune action ne sera désormais effectuée dessus. ^MH"
AMZ_0003,2560163,2560177,2560176,Thu Nov 16 19:48:05 +0000 2017,<USER_1>,True,"@AmazonHelp est ce que , en vous mettant a la place du client , vous trouvez ca normal qu’on vous réponde «  peut être «  pour une commande ?  Juste ca ? 
Est ce que le fait que j’ai annulé après cela est il compréhensible ou pas ?"
AMZ_0003,2560163,2560178,2560177,Thu Nov 16 20:04:36 +0000 2017,AmazonHelp,False,"<USER_1> Je comprends parfaitement votre réaction. Cependant, nous vous invitons à contacter notre SAV.
^MD"
AMZ_0004,584581,584580,584581,Sun Dec 03 14:33:00 +0000 2017,AmazonHelp,False,"<USER_1> Olá Lari, lamentamos o inconveniente. Poderia nos confirmar qual é a data estimada da entrega? ^DA"
AMZ_0004,584581,584581,,Sun Dec 03 14:27:55 +0000 2017,<USER_1>,True,Queria que meus livros que comprei na Black Friday na <USER_1> chegassem porque estão na transportadora desde quinta feira de manhã
AMZ_0005,2284556,2284554,2284556,Sat Nov 11 15:22:23 +0000 2017,AmazonHelp,False,"<USER_1> We're very sorry for the delay! Two-Day Shipping refers to the transit time, in business days. Here's more info on our shipping: https://t.co/zsAky97Jyy ^ZW"
AMZ_0005,2284556,2284555,2284554,Sun Nov 12 18:49:32 +0000 2017,<USER_1>,True,@AmazonHelp I’ve ordered stuff around the same time and I get it by Saturday. 🤨
AMZ_0005,2284556,2284556,,Sat Nov 11 15:02:40 +0000 2017,<USER_1>,True,So I ordered something on Wednesday at <USER_1> and it won’t get here ‘til Monday.. so much for having Prime.
AMZ_0005,2284556,2284557,2284555,Sun Nov 12 18:52:00 +0000 2017,AmazonHelp,False,<USER_1> Please let us know if you order doesn't arrive by the provided delivery date. ^ST
AMZ_0006,179831,179829,179831,Wed Oct 04 10:49:25 +0000 2017,AmazonHelp,False,<USER_1> Hi Alvaro- Can you confirm which site you placed your order with? How long has the item been showing as delayed? ^NV
AMZ_0006,179831,179830,179829,Wed Oct 04 10:55:21 +0000 2017,<USER_1>,True,"@AmazonHelp On https://t.co/QlBV5qOTCT (usa), it has been on delayed at least a month, maybe two. Several items with same problem."
AMZ_0006,179831,179831,,Wed Oct 04 10:43:06 +0000 2017,<USER_1>,True,@AmazonHelp I ordered on July 25th. I still do not receive anything and you already charged me. It doesn't let me cancel. Unacceptable. 😡😡😡 https://t.co/fVHv7s0nnw
AMZ_0007,2828059,2828058,2828059,Mon Nov 27 11:28:26 +0000 2017,AmazonHelp,False,"<USER_1> Hey, did you manage to secure anything exciting :) ? ^TP"
AMZ_0007,2828059,2828059,,Mon Nov 27 11:14:00 +0000 2017,<USER_1>,True,Cyber Monday &amp; amazon prime are hurting my bank account this week 😅
AMZ_0008,1746075,1746072,1746075,Tue Nov 07 15:28:00 +0000 2017,AmazonHelp,False,"<USER_1> I'm sorry to hear about the delay. Without posting account info, can you tell us more? What options were given when you called?^LI"
AMZ_0008,1746075,1746073,1746072,Tue Nov 07 15:51:00 +0000 2017,<USER_1>,True,@AmazonHelp / yet another bad experience with Intelcom: they are killing the Amazon Prime experience.
AMZ_0008,1746075,1746074,1746072,Tue Nov 07 15:49:54 +0000 2017,<USER_1>,True,@AmazonHelp They offer $5 discount. I don’t want discounts—I just want stuff delivered with minimal hassle. Main reason for contacting was to document /
AMZ_0008,1746075,1746075,,Tue Nov 07 14:53:19 +0000 2017,<USER_1>,True,On day 6 of “1 day” delivery ordeal.  I honestly can’t recommend <USER_1> Prime as long as they continue to use IntelCom for ‘delivery’.
AMZ_0008,1746075,1746076,1746075,Tue Nov 07 14:59:53 +0000 2017,<USER_1>,True,"<USER_1> <USER_1> Yeah my ""1 day"" from them was yesterday, so still in the realm of ""1st world problems"" but yeah we are paying for this service."
AMZ_0008,1746075,1746123,1746076,Tue Nov 07 15:17:51 +0000 2017,AmazonHelp,False,<USER_1> What's the delivery date and most recent tracking shown here: https://t.co/PyACxvY8Qo ^LI
AMZ_0008,1746075,1746124,1746123,Tue Nov 07 15:20:19 +0000 2017,<USER_1>,True,"@AmazonHelp Thanks for reaching out, DM'd the info! =)"
AMZ_0009,1666087,1666085,1666087,Tue Oct 17 15:19:00 +0000 2017,AmazonHelp,False,"<USER_1> We'd love to help out, any way we can! Without sharing account/personal details, can you please tell us what's going on? ^WJ"
AMZ_0009,1666087,1666086,1666085,Tue Oct 17 15:19:51 +0000 2017,<USER_1>,True,"@AmazonHelp Ordered a time sensitive item via Prime on Sunday, Canada Post says it has electronic shipping info but hasn't got the item. No ETA."
AMZ_0009,1666087,1666087,,Tue Oct 17 15:12:46 +0000 2017,<USER_1>,True,"After years of shopping <USER_1> they've let me down for the first time. They blame carrier, carrier blames them...customer gets screwed."
AMZ_0009,1666087,1666088,1666086,Tue Oct 17 15:44:31 +0000 2017,AmazonHelp,False,<USER_1> What was the delivery date provided in the original order confirmation e-mail? ^MJ
AMZ_0009,1666087,1666089,1666088,Tue Oct 17 15:45:45 +0000 2017,<USER_1>,True,"@AmazonHelp Oct. 17-20. I paid expedited shipping which Amazon has already refunded, just got off phone w/ Canada Post they have no idea where item is"
AMZ_0009,1666087,1666090,1666089,Tue Oct 17 15:59:30 +0000 2017,AmazonHelp,False,"<USER_1> Thanks for the info, Chris! What did we advise when you spoke with us last? Were any options provided? Keep us posted! ^FR"
AMZ_0009,1666087,1666091,1666090,Tue Oct 17 16:00:17 +0000 2017,<USER_1>,True,"@AmazonHelp Just said to get ahold of Canada Post and I did. Amazon says they have it, Canada Post says they don't. I'm stuck w/ no phone &amp; no ETA."
AMZ_0009,1666087,1666092,1666091,Tue Oct 17 16:06:32 +0000 2017,AmazonHelp,False,"<USER_1> I'm sorry for the frustration. Please let us know, if you don't receive the phone by the last date given in your email. ^AJ"
AMZ_0010,856608,856604,856608,Fri Oct 20 16:38:00 +0000 2017,AmazonHelp,False,"<USER_1> That's frustrating, Beth! Did we miss the delivery date quoted here:  https://t.co/Y5jpI9gRhE ? ^EA"
AMZ_0010,856608,856605,856604,Fri Oct 20 16:41:00 +0000 2017,<USER_1>,True,@AmazonHelp I would really like to know if I should just expect more four day turn arounds in the future for Prime.
AMZ_0010,856608,856606,856604,Fri Oct 20 16:40:11 +0000 2017,<USER_1>,True,@AmazonHelp Not yet because after I went through checkout the date changed from Saturday to Monday.
AMZ_0010,856608,856607,856604,Fri Oct 20 16:40:41 +0000 2017,<USER_1>,True,@AmazonHelp I keep struggling with knowing when someone should actually show up. I know I live rurally so I figure three business days but...
AMZ_0010,856608,856608,,Fri Oct 20 16:18:35 +0000 2017,<USER_1>,True,"<USER_1>, I ordered a Prime product Wednesday evening and it hasn't shipped yet. This will be FOUR day shipping IF it goes out today"
AMZ_0010,856608,856609,856605,Fri Oct 20 19:09:00 +0000 2017,AmazonHelp,False,"<USER_1> Beth, sometimes unexpected delays can occur, please keep us posted on the delivery for Monday. ^SY"
AMZ_0011,18206,18186,18188,Wed Nov 01 05:14:55 +0000 2017,AmazonHelp,False,<USER_1> Thanks for sharing your details. We'll get in touch with you soon. ^AK
AMZ_0011,18206,18187,18186,Wed Nov 01 19:17:55 +0000 2017,<USER_1>,True,"@AmazonHelp They have promised me that my cashback of INR 1500 will be received by 5th November, hope this doesn't repeat in future. Thanks #AmazonIndia"
AMZ_0011,18206,18188,18201,Wed Nov 01 05:09:25 +0000 2017,<USER_1>,True,"@AmazonHelp I have submitted all the required details, please do the necessary else i'll have to go to consumer forum this time :("
AMZ_0011,18206,18189,18187,Wed Nov 01 19:21:33 +0000 2017,AmazonHelp,False,"<USER_1> I get your concern, Abhilash. Cash back shall be processed as per the timelines shared with you. Rest assured. ^SV"
AMZ_0011,18206,18190,18189,Sun Nov 05 03:55:02 +0000 2017,<USER_1>,True,"@AmazonHelp <USER_1>  <USER_1>
Even after your team's promise, I have not received my cashback of INR1500 before deadline given by them."
AMZ_0011,18206,18191,18190,Sun Nov 05 04:13:00 +0000 2017,AmazonHelp,False,<USER_1> Please reply to the email for further assistance on it. 2/2 ^RW
AMZ_0011,18206,18192,18190,Sun Nov 05 04:12:30 +0000 2017,AmazonHelp,False,"<USER_1> As you have filled the details, you will receive an email correspondence from our team here: https://t.co/WVqPFC8jLV ^RW 1/2"
AMZ_0011,18206,18193,18190,Sun Nov 05 12:42:22 +0000 2017,<USER_1>,True,"@AmazonHelp <USER_1> <USER_1> Wow this is great, now again i am getting mail that max eligible cashback is INR450. What the heck is wrong with Amazon support. <USER_1>"
AMZ_0011,18206,18194,18193,Sun Nov 05 12:59:12 +0000 2017,AmazonHelp,False,<USER_1> Kindly reply to the email that we've sent. We'll check this for you. ^SG
AMZ_0011,18206,18195,18193,Sun Nov 05 13:03:17 +0000 2017,<USER_1>,True,"@AmazonHelp <USER_1> <USER_1> I have mailed 3-4 times after that but i am still getting the same standard email, exact same mail"
AMZ_0011,18206,18196,18195,Sun Nov 05 13:30:24 +0000 2017,AmazonHelp,False,<USER_1> You can add your insight by writing back to the e-mail sent by our team. We'll reply to the same. ^MP 2/2
AMZ_0011,18206,18197,18195,Sun Nov 05 13:29:57 +0000 2017,AmazonHelp,False,<USER_1> I'm sorry for this experience. The resolution provided by our team over email is the best we can offer at the moment. ^MP 1/2
AMZ_0011,18206,18198,18197,Sun Nov 05 13:32:25 +0000 2017,<USER_1>,True,@AmazonHelp On 1st Nov your team agreed in mail for cashback of INR1500 and now someone else from your team is saying max INR450. This Is cheating.
AMZ_0011,18206,18199,18197,Thu Nov 09 04:51:14 +0000 2017,<USER_1>,True,@AmazonHelp <USER_1> #AmazonIndia  Expecting your customers to take screenshots of every offer is way too much. I trusted Amazon but the way they treat their customers now a days is ridiculous. Now i don't want any cashback and  credits of Kindle account but treat your customers properly.
AMZ_0011,18206,18200,18198,Sun Nov 05 13:45:00 +0000 2017,AmazonHelp,False,<USER_1> Kindly reply to the email sent by us for further assistance on this issue. ^RI
AMZ_0011,18206,18201,18202,Wed Nov 01 04:34:30 +0000 2017,AmazonHelp,False,<USER_1> That's strange. Let me check this out for you. Please drop your details here: https://t.co/rgb8rZzIXD (1/2) ^VM
AMZ_0011,18206,18202,18204,Wed Nov 01 04:21:27 +0000 2017,<USER_1>,True,"@AmazonHelp #AmazonIndia ordered echo plus on 6th October, till now have not recieved any cashback. Now customer care is saying i am eligible for (1/2)"
AMZ_0011,18206,18203,18202,Wed Nov 01 04:35:06 +0000 2017,AmazonHelp,False,<USER_1> so that we can get in touch with you. (2/2) ^VM
AMZ_0011,18206,18204,18206,Tue Oct 31 18:51:01 +0000 2017,AmazonHelp,False,"<USER_1> That's quite a comment, Abhilash. Please elaborate your concern for us to assist you better. ^SV"
AMZ_0011,18206,18205,18204,Wed Nov 01 04:23:06 +0000 2017,<USER_1>,True,@AmazonHelp Only INR449 cashback instead of INR1500. Please do the necessary cuz these sort of incidents affect the trust on amazon services (2/2)
AMZ_0011,18206,18206,,Tue Oct 31 06:17:16 +0000 2017,<USER_1>,True,"#amazonindia Since when Amazon has started cheating its customers ?🤔
Feeling cheated as i ordered Amazon echo plus on 6th october."
AMZ_0012,1666219,1666217,1666219,Sun Nov 26 04:41:24 +0000 2017,AmazonHelp,False,<USER_1> Apologies for the delivery issues. Please contact our support team here: https://t.co/HQhpS28DfD and we will assist you further. ^BS
AMZ_0012,1666219,1666218,1666217,Sun Nov 26 11:22:16 +0000 2017,<USER_1>,True,"@AmazonHelp When there is an address, why the hell your fellow keeps calling? And send message that he is unable to reach. WTF."
AMZ_0012,1666219,1666219,,Sun Nov 26 04:31:20 +0000 2017,<USER_1>,True,Didn’t know <USER_1> delivers laptop sleeve to my phone. https://t.co/q0u7JhIurN
AMZ_0012,1666219,1666220,1666218,Sun Nov 26 11:44:56 +0000 2017,AmazonHelp,False,"<USER_1> I understand that you're upset, Gokul. It was never our intention. Could you let us know If you've reported this to our support team through the link provided earlier? ^NK"
AMZ_0012,1666219,1666221,1666220,Sun Nov 26 12:16:38 +0000 2017,<USER_1>,True,@AmazonHelp The link does nothing. Useless.
AMZ_0012,1666219,1666222,1666221,Sun Nov 26 12:36:54 +0000 2017,AmazonHelp,False,<USER_1> I'm sorry to learn that. You can click on the link and select An order I placed&gt; Where is my order&gt; Check status of my order and get in touch with our team via call/chat/ email and let us know how it goes. ^RI
AMZ_0013,2950764,2950762,2950764,Wed Nov 29 17:33:32 +0000 2017,AmazonHelp,False,"<USER_1> Hello Satish, sorry you have not received your order yet. Have your received any emails regarding a delay? What marketplace did you placed your order through? ^TE"
AMZ_0013,2950764,2950763,2950762,Wed Nov 29 17:52:17 +0000 2017,<USER_1>,True,@AmazonHelp No i haven't received any emails.
AMZ_0013,2950764,2950764,,Wed Nov 29 17:22:05 +0000 2017,<USER_1>,True,<USER_1> I am very frustrated about my order ORDER ID- <PHONE_1>-3422658. Which was was suppose to be deliver on 28th November. But still not any update. Try to contact with seller but reply
AMZ_0013,2950764,2950765,2950763,Wed Nov 29 17:57:30 +0000 2017,AmazonHelp,False,"<USER_1> Were you able to check your junk/spam mail as well? If you still weren't able to locate it, then please reach out to us, for further assistance, here: https://t.co/hApLpMlfHN ^GP"
AMZ_0013,2950764,2950766,2950765,Wed Nov 29 18:00:46 +0000 2017,<USER_1>,True,@AmazonHelp Can you let me know what is escalation process in Amazon.
AMZ_0013,2950764,2950767,2950765,Wed Nov 29 17:58:48 +0000 2017,<USER_1>,True,"@AmazonHelp I have double checked, no email received. This is very bad experience with AMAZON."
AMZ_0014,923714,923711,923712,Sat Oct 21 13:42:34 +0000 2017,AmazonHelp,False,<USER_1> We would like to help you. Please share your details with us here: https://t.co/GIJyeYqKE0. We'll get in touch shortly. ^CB
AMZ_0014,923714,923712,923713,Sat Oct 21 13:33:50 +0000 2017,<USER_1>,True,@AmazonHelp I have placed few orders with amazon prime category. And the expected delivery date was 14th of october. And items are not delivered yet.
AMZ_0014,923714,923713,923714,Sat Oct 21 13:31:58 +0000 2017,AmazonHelp,False,<USER_1> I'm sorry about any inconvenience. Could you let us know what went wrong? We'd like to help. ^SG
AMZ_0014,923714,923714,,Sat Oct 21 13:10:45 +0000 2017,<USER_1>,True,<USER_1>  i am a prime customer 4 last 1 year. Bt 4m last few months quality of prime is very poor. Thinking 2 shift 4m amazon 2 <USER_1>
AMZ_0015,2802400,2802399,2802400,Wed Nov 22 01:03:27 +0000 2017,AmazonHelp,False,"<USER_1> Oh no! That's definitely not the experience we try provide! Without posting personal  acct info, please tell us more about the issue and what options we've offered. We want to make sure your issue gets resolved! ^BN"
AMZ_0015,2802400,2802400,,Wed Nov 22 00:56:55 +0000 2017,<USER_1>,True,<USER_1> has THE WORST costumer service 🚮🚮🚮
AMZ_0016,2555145,2555143,2555145,Thu Nov 16 16:07:40 +0000 2017,AmazonHelp,False,<USER_1> We'd like to look into this and take an action right away. Kindly share your details here: https://t.co/GIJyeYqKE0 and we'll contact you soon. ^GD
AMZ_0016,2555145,2555144,2555143,Thu Nov 16 20:53:16 +0000 2017,<USER_1>,True,"@AmazonHelp Already did this, now please help me with my refund instead of fake hopes or irrelevant replies."
AMZ_0016,2555145,2555145,,Thu Nov 16 15:53:01 +0000 2017,<USER_1>,True,"ABUSIVE WORDS USED BY AMAZON EXECUTIVE ON CALL WHILE FILING A COMPLAINT OF FRAUD by AMAZON. Order is successfully returned but they are not refunding the Money. 

Voice of SHIVAN (AMAZON ESCALATION TEAM) WHERE HE THOUGHT THE CALL WAS ON HOLD AND HE ABUSED. <USER_1> https://t.co/Nt5LY6Slcr"
AMZ_0016,2555145,2555146,2555144,Thu Nov 16 20:58:26 +0000 2017,AmazonHelp,False,"<USER_1> As you've shared your details in the link, we'll check and we'll be sure to revert at the earliest.^MK"
AMZ_0017,806302,806300,806302,Thu Oct 12 17:55:55 +0000 2017,AmazonHelp,False,"<USER_1> I'm sorry for the return troubles, Cat! That is strange! Have you received an e-mail from our account specialists yet? ^SD"
AMZ_0017,806302,806301,806300,Thu Oct 12 18:11:14 +0000 2017,<USER_1>,True,@AmazonHelp Nope! I've called up twice and talked to someone on chat once too
AMZ_0017,806302,806302,,Thu Oct 12 17:42:51 +0000 2017,<USER_1>,True,<USER_1> I'm trying to return an order but it's been deleted off my orders somehow and everytime I call customer support I get told to wait 24h. 10/10 service.
AMZ_0017,806302,806303,806301,Thu Oct 12 18:25:00 +0000 2017,AmazonHelp,False,"<USER_1> Thanks for confirming, Cat! What options were you given when you spoke with us via chat and phone? Please let us know! ^FD"
AMZ_0017,806302,806304,806303,Thu Oct 12 18:29:19 +0000 2017,<USER_1>,True,"@AmazonHelp Literally no options, I was just told the accounts specialists would be in touch"
AMZ_0018,2893225,2893220,2893221,Tue Nov 28 15:25:39 +0000 2017,AmazonHelp,False,"<USER_1> Okay, please let us know if you need any further assistance with this issue, Dave. ^VF"
AMZ_0018,2893225,2893221,2893222,Tue Nov 28 15:22:54 +0000 2017,<USER_1>,True,"@AmazonHelp I think it’s too late to have any effect today, but thanks anyway. I might as well let the delivery fail (if it does) and then contact them about it."
AMZ_0018,2893225,2893222,2893223,Tue Nov 28 15:19:34 +0000 2017,AmazonHelp,False,"<USER_1> We'd like to look at available options with you. When you have the time, please contact us here: https://t.co/JzP7hlA23B ^KP"
AMZ_0018,2893225,2893223,2893224,Tue Nov 28 15:17:28 +0000 2017,<USER_1>,True,@AmazonHelp Basically it’s a delivery going to a work address that already failed yesterday after being delivered after 5pm. It’s looking to be the same again today after the driver passed the street almost 3 hours ago. https://t.co/AkdBz2NZaB
AMZ_0018,2893225,2893224,2893225,Tue Nov 28 15:14:30 +0000 2017,AmazonHelp,False,"<USER_1> Oh no! I'm sorry for the trouble. Without revealing personal or account information, can you tell us a bit more about what's going on? We'd love to help! ^TG"
AMZ_0018,2893225,2893225,,Tue Nov 28 15:02:45 +0000 2017,<USER_1>,True,Looks like I’ll be going home disappointed again. Amazon Logistics having a stinker this week. 😔
AMZ_0019,86075,86062,86064,Thu Nov 30 14:24:30 +0000 2017,AmazonHelp,False,"<USER_1> Be sure the billing address for your order is chosen. Many times, the billing address chosen is not correct and will decline the payment. Keep us posted.
-AV"
AMZ_0019,86075,86063,86062,Thu Nov 30 16:09:03 +0000 2017,<USER_1>,True,@AmazonHelp Everything is correct as I've said the payment for another item is been taking as it is so that's not the issue
AMZ_0019,86075,86064,86072,Thu Nov 30 14:17:43 +0000 2017,<USER_1>,True,@AmazonHelp I've already done that
AMZ_0019,86075,86065,86063,Thu Nov 30 16:22:00 +0000 2017,AmazonHelp,False,<USER_1> Thank you for clarifying! Only your bank can tell you why your card has been declined. Your bank may require your verbal authorisation to proceed with a transaction. Learn more here: https://t.co/93qX3a3Vu3 Hope this helps! ^SC
AMZ_0019,86075,86066,86065,Thu Nov 30 16:34:03 +0000 2017,<USER_1>,True,@AmazonHelp Are u serous right now?? The Bank HASNT DECLINED ANYTHING!!! I've bought another item of ur site to even prove it's an error on ur part and not mine.. the deal I was getting is now nearly double in price an I'd say that's why it's not going threw but I've been emailed
AMZ_0019,86075,86067,86066,Thu Nov 30 16:35:06 +0000 2017,<USER_1>,True,@AmazonHelp To say Iv 3 days to pay and I've been trying since yesterday and YOUR SYSTEM WONT LET ME!!! so I think it's because it's not willing to give me the original deal and considering I've been told Iv 3 days it SHOULD be honoured
AMZ_0019,86075,86068,86067,Thu Nov 30 16:46:00 +0000 2017,AmazonHelp,False,<USER_1> I know how frustrating this is! We would like another chance to look into this in real time for you. Please reach out to us when you have a moment: https://t.co/JzP7hlA23B ^AL
AMZ_0019,86075,86069,86068,Thu Nov 30 16:47:56 +0000 2017,<USER_1>,True,@AmazonHelp I already have an been told it's been handed over to tech team an to expect a call by 8:00pm but can you garentee you will honour it and il get my item at the original price I was paying
AMZ_0019,86075,86070,86069,Thu Nov 30 17:11:00 +0000 2017,AmazonHelp,False,"<USER_1> We want to help get this resolved for you! Thank you for your patience with our tech team. 

-RD"
AMZ_0019,86075,86071,86070,Thu Nov 30 17:26:07 +0000 2017,<USER_1>,True,@AmazonHelp I asked a Question. Will you honour it because all it seems like at the moment is your dragging it out the 3 days an then it will be cancelled regardless
AMZ_0019,86075,86072,86074,Thu Nov 30 14:17:00 +0000 2017,AmazonHelp,False,"<USER_1> We're here to help, sorry for any inconvenience! With Twitter, we're unable to access account or order information. To learn how to resolve a declined payment, click here: https://t.co/f05eosgufo ^JE"
AMZ_0019,86075,86073,86072,Thu Nov 30 14:17:51 +0000 2017,<USER_1>,True,@AmazonHelp Online AND over the phone
AMZ_0019,86075,86074,86075,Thu Nov 30 14:13:11 +0000 2017,<USER_1>,True,<USER_1> From urselfs bar the €1 on Thursday! I've conveniently been told the card needs a day r so to activate so I tried purchasing something else from ur site an it was accepted straight away. So there is NO ISSUE with my card. And I want to know how to get this resolved as I'm being
AMZ_0019,86075,86075,,Thu Nov 30 14:11:37 +0000 2017,<USER_1>,True,"<USER_1> I purchased an item on Thursday in the sale to get an email yesterday to say it needs to be paid in next 4 days or it's cancelled, tried and it won't let me. Contacted the phone team an they tell me it's the bank, ring them the funds are there and there's been no attemp"
AMZ_0020,1464292,1464291,1464292,Thu Nov 02 19:07:31 +0000 2017,AmazonHelp,False,"<USER_1> I'm so sorry, Martin! Please help us improve by submitting packaging feedback here: https://t.co/2RyAwRrDis ^LB"
AMZ_0020,1464292,1464292,,Thu Nov 02 19:05:43 +0000 2017,<USER_1>,True,<USER_1> C'mon Amazon!!!!! Seriously? The item on the left arrived in the box on the right. WTF!? #WASTE #WhatAboutTheEnvironment https://t.co/5aQm7TVovK
AMZ_0021,2124935,2124934,2124935,Wed Nov 08 18:06:51 +0000 2017,AmazonHelp,False,"<USER_1> I'm so glad to hear you had a great experience with us, Dana! Don't forget to leave feedback in the email survey. 😁 ^HC"
AMZ_0021,2124935,2124935,,Wed Nov 08 18:04:16 +0000 2017,<USER_1>,True,.@AmazonHelp Your chat customer service is really amazing. Just had another fabulous interaction with your team &amp; I couldn't be happier. It's like talking to a real human w/ a personality. So refreshing. Thank you <USER_1>!
AMZ_0022,2962725,2962722,2962725,Wed Nov 29 21:35:00 +0000 2017,AmazonHelp,False,"<USER_1> I'm sorry for the poor experience. Without posting account details, will you please tell us more about what's going on? ^CO"
AMZ_0022,2962725,2962723,2962722,Wed Nov 29 21:40:03 +0000 2017,<USER_1>,True,"@AmazonHelp I just received a notification that the order was not able to be delivered although I am home, the door is open AND no one called me. I am leaving for a trip in twenty minutes, which is what I needed this delivery for."
AMZ_0022,2962725,2962724,2962722,Wed Nov 29 21:37:28 +0000 2017,<USER_1>,True,"@AmazonHelp I am a prime member, I selected one day shipping and the package was not delivered. I then was assured it would be delivered this morning (time sensitive package). It was not. Then I was assured it would be delivered before five."
AMZ_0022,2962725,2962725,,Wed Nov 29 21:31:58 +0000 2017,<USER_1>,True,The past three days of dealing with <USER_1> have been an absolute nightmare. Worst customer service ever.
AMZ_0022,2962725,2962726,2962723,Wed Nov 29 21:43:31 +0000 2017,AmazonHelp,False,<USER_1> That's definitely frustrating! I'm sorry for any hassle that's been caused by this missed delivery. What options were provided when you spoke with us? ^FD
AMZ_0022,2962725,2962727,2962726,Wed Nov 29 21:47:32 +0000 2017,<USER_1>,True,"@AmazonHelp None. Except for that I will have to wait for the package, which will now be almost three days late and will be too late for my trip unless it is here in the next minutes, which seems very unlikely. This is not what I pay for prime for. I stayed home today to receive this order."
AMZ_0022,2962725,2962728,2962727,Wed Nov 29 21:57:33 +0000 2017,AmazonHelp,False,"<USER_1> I can understand any frustration this has caused. I realize it isn't ideal that we won't be able to deliver before your trip. If interested, you may return the item once it arrives: https://t.co/r5Q5EOVeBs ^RA"
AMZ_0022,2962725,2962729,2962728,Wed Nov 29 22:03:48 +0000 2017,<USER_1>,True,"@AmazonHelp The item is my work phone. So not something I can really just return, which is why I selected one day shipping. Is there not a way for your team to ask the driver to deliver?"
AMZ_0022,2962725,2962730,2962729,Wed Nov 29 22:12:31 +0000 2017,AmazonHelp,False,<USER_1> Who is the carrier noted on your shipment here: https://t.co/Y5jpI9gRhE ? ^SH
AMZ_0022,2962725,2962731,2962730,Thu Nov 30 00:59:27 +0000 2017,<USER_1>,True,@AmazonHelp Amazon fulfillment.
AMZ_0022,2962725,2962732,2962731,Thu Nov 30 01:12:30 +0000 2017,AmazonHelp,False,"<USER_1> I am so sorry, this must be so frustrating. I'd like a member of our team to look into this for you. Please securely provide more information here: https://t.co/EP6P2D8NXd ^EA"
AMZ_0023,230000,229997,230000,Thu Oct 05 09:00:02 +0000 2017,AmazonHelp,False,<USER_1> to the email you have received from the specialist team and we will assist you accordingly. (2/2)^HR
AMZ_0023,230000,229998,229997,Thu Oct 05 09:04:02 +0000 2017,<USER_1>,True,"@AmazonHelp Each email conversation with customer service ends with ""please wait for 24-48 Hours only"", which apparently are never over(1/2)"
AMZ_0023,230000,229999,229997,Thu Oct 05 09:05:17 +0000 2017,<USER_1>,True,"@AmazonHelp And after almost 20 days of ordering, I still don't know what is the status of my order. Extremely helpful of you @AmazonHelp, kudos 🙏🙏(2/2)"
AMZ_0023,230000,230000,,Thu Oct 05 08:38:45 +0000 2017,<USER_1>,True,"@AmazonHelp written 100 emails now, and I get same reply as always, will revert you back in 24-48 hrs, which never comes... Great help 🙏🙏"
AMZ_0023,230000,230001,229998,Thu Oct 05 09:53:31 +0000 2017,AmazonHelp,False,<USER_1> Sorry for the delay. We'll get in touch with you as soon as we have an update. ^NS
AMZ_0023,230000,230002,230001,Thu Oct 05 09:55:05 +0000 2017,<USER_1>,True,"@AmazonHelp Now after so much trying, I just want one thing, refund. Please give me refund and do away with issue please. I can't take it anymore..."
AMZ_0023,230000,230003,230002,Thu Oct 05 10:47:50 +0000 2017,AmazonHelp,False,<USER_1> Please reply back to the email with the same confirmation and our team will assist you accordingly.^HR
AMZ_0023,230000,230004,230000,Thu Oct 05 09:00:00 +0000 2017,AmazonHelp,False,"<USER_1> As this is a social media platform, we can't view your account/order details. Hence, please reply (1/2)^HR"
AMZ_0024,419386,419383,419386,Tue Oct 10 05:43:28 +0000 2017,AmazonHelp,False,<USER_1> Apologies for the hassle. I’d like to help you; please fill this form: https://t.co/beaaDm0muc and I’ll assist you right away. ^SF
AMZ_0024,419386,419384,419383,Tue Oct 10 05:54:18 +0000 2017,<USER_1>,True,"@AmazonHelp I want my full refund of money.. You can not cut the money on refund, even mistake done by amazon. <USER_1>"
AMZ_0024,419386,419385,419383,Tue Oct 10 05:53:10 +0000 2017,<USER_1>,True,"@AmazonHelp Why i did not get full refund of my order ID: <PHONE_1>-3617918. Mistake done by Amazon Delivery Boy, Why should i Pay."
AMZ_0024,419386,419386,,Tue Oct 10 05:23:01 +0000 2017,<USER_1>,True,"Tired with Amazon customer care, every one passing wrong information even more than 10 call to customers care.<USER_1> <USER_1> @AmazonHelp"
AMZ_0025,1315529,1315528,1315529,Fri Oct 27 07:36:00 +0000 2017,AmazonHelp,False,"<USER_1> Please don't provide your order details, we consider it to be personal information. Our page is visible to the public. (2/2)^GU"
AMZ_0025,1315529,1315529,,Fri Oct 27 07:20:18 +0000 2017,<USER_1>,True,<USER_1> only got 179 of the refund mentioned in the attached screenshot <USER_1> no explanation for the difference 😔 https://t.co/dS5pwWZhk8
AMZ_0025,1315529,1315530,1315529,Fri Oct 27 07:36:00 +0000 2017,AmazonHelp,False,<USER_1> Sorry for the inconvenience. Please contact our support team here: https://t.co/vlvfJr4nN9 we will assist further. (1/2)^GU
AMZ_0026,2459119,2459118,2459119,Wed Nov 15 06:41:28 +0000 2017,AmazonHelp,False,"<USER_1> Please don't provide your order details, we consider it personal information. Our Twitter page is visible to the public. ^AK 2/2"
AMZ_0026,2459119,2459119,,Wed Nov 15 06:23:27 +0000 2017,<USER_1>,True,<USER_1> __email__ is my account ID. Resolve this issue asap. See how many orders I've placed. I am sick of this shit
AMZ_0026,2459119,2459120,2459119,Wed Nov 15 06:41:00 +0000 2017,AmazonHelp,False,"<USER_1> Sorry to know about that. Whenever an account is blocked, an email will be sent to your registered email address from our account specialist team. Kindly check. Also, you may reply to the email received for further help. Appreciate your understanding. ^AK (1/2)"
AMZ_0026,2459119,2459121,2459120,Wed Nov 15 09:57:33 +0000 2017,<USER_1>,True,@AmazonHelp and please don't give me your computer generated responses. Just resolve my issue ASAP
AMZ_0026,2459119,2459122,2459120,Wed Nov 15 09:56:06 +0000 2017,<USER_1>,True,@AmazonHelp email received and I've read it. There is no solution 4 my problem. I just want my account unblocked. It is an error frm ur end.
AMZ_0026,2459119,2459123,2459122,Wed Nov 15 10:19:00 +0000 2017,AmazonHelp,False,"<USER_1> On any instance if an Amazon account is put on hold, specialty team sends you an e-mail on your registered id. We would request you to check with the same. Our hands are tied on this instance. ^CB"
AMZ_0027,1323510,1323509,1323510,Fri Oct 27 10:20:30 +0000 2017,AmazonHelp,False,<USER_1> we'd like to help you with this. ^SG(2/2)
AMZ_0027,1323510,1323510,,Fri Oct 27 10:03:42 +0000 2017,<USER_1>,True,<USER_1> Do you quality check before packing n shipping? rcvd 2 printer toners with broken seal on prime shipping!
AMZ_0027,1323510,1323511,1323510,Fri Oct 27 10:19:36 +0000 2017,AmazonHelp,False,<USER_1> I'm sorry to know about this. We do perform quality check on product. Kindly connect with us here: https://t.co/vlvfJr4nN9 (1/2)
AMZ_0028,2320259,2320257,2320259,Mon Nov 13 13:37:27 +0000 2017,AmazonHelp,False,"<USER_1> I'm sorry for the trouble with your deliveries! This is not something we want our customers to experience. When you spoke with us previously, what insights were provided about the orders? Were any alternatives offered? Please let us know. We're here to help. ^TG"
AMZ_0028,2320259,2320258,2320257,Mon Nov 13 14:57:56 +0000 2017,<USER_1>,True,"@AmazonHelp The insights were ""scanning error"" on Thurs. Then ""Guaranteed delivery"" on Sat. Then nothing. Then telling me to chk neighbors."
AMZ_0028,2320259,2320259,,Mon Nov 13 13:25:38 +0000 2017,<USER_1>,True,"<USER_1> AFTER 5 days and 2 non ""deliveries"". 1 chat session. 1 email. 2 supervisors. You write to tell me to chk w neighbours? 1/2"
AMZ_0028,2320259,2320260,2320258,Mon Nov 13 15:12:00 +0000 2017,AmazonHelp,False,<USER_1> Hey Kevi-Were you provided with a time frame or advised to contact us after you had checked? Are we currently investigating with the carrier? ^BD
AMZ_0028,2320259,2320261,2320260,Mon Nov 13 15:24:17 +0000 2017,<USER_1>,True,"@AmazonHelp The item was ""stolen or lost"" + I would have to reorder. Almost no real apology. Most unsatisfactory. Will buy elsewhere now!"
AMZ_0029,2874996,2874994,2874996,Tue Nov 28 05:06:27 +0000 2017,AmazonHelp,False,"<USER_1> |ω・)ﾁﾗｯ
Amazon Musicをご利用いただき、ありがとうございます😊✨ YM"
AMZ_0029,2874996,2874995,2874994,Tue Nov 28 05:09:25 +0000 2017,<USER_1>,True,@AmazonHelp (￣□￣;)!! ﾋﾞｯｸﾘｼﾀ！ こちらこそありがとうございます◎ 楽しませていただいたおります♪\( *´ω`* )/♪
AMZ_0029,2874996,2874996,,Tue Nov 28 04:57:38 +0000 2017,<USER_1>,True,Amazon music で何か聴こうと思ったらおすすめされたので聴いています。(持ってるけど)  #ナチュキラ  #sasayamavo https://t.co/LykZeIOPMl
AMZ_0029,2874996,2874997,2874995,Tue Nov 28 05:31:31 +0000 2017,AmazonHelp,False,"<USER_1> 驚かせてしまって失礼いたしました！お楽しみいただいているようで何よりです♪
これからもAmazonをよろしくお願いいたしますm(*-ω-)m すぐ絡みたがるAmazon公式より RI"
AMZ_0029,2874996,2874998,2874997,Tue Nov 28 06:50:02 +0000 2017,<USER_1>,True,@AmazonHelp いえ！なんだかうれしかったです(笑) これからもよろしくおねがいします♪
AMZ_0029,2874996,2874999,2874998,Tue Nov 28 06:52:54 +0000 2017,AmazonHelp,False,<USER_1> それでしたら良かったです♪ (*´∇｀*) こちらこそよろしくお願いします～ヾ(=^▽^=)ノ TN
AMZ_0030,1632477,1632474,1632477,Sun Nov 05 20:12:01 +0000 2017,AmazonHelp,False,<USER_1> I'm sorry for the trouble receiving your order. When we spoke did we provide any insight on your missing orders? ^AN
AMZ_0030,1632477,1632475,1632474,Sun Nov 05 20:44:09 +0000 2017,<USER_1>,True,@AmazonHelp Customer service was not sure that it would be and I'm responsible for follow up
AMZ_0030,1632477,1632476,1632474,Sun Nov 05 20:43:15 +0000 2017,<USER_1>,True,"@AmazonHelp Yes, it was escalated by email to a manager and I'm basically waiting throughout this evening to see if it will be placed on a truck today."
AMZ_0030,1632477,1632477,,Sun Nov 05 20:04:36 +0000 2017,<USER_1>,True,"<USER_1> lost my package, got a refund, lost package again? You guys can't get a package to one of your own lockers? Lesson learned!"
AMZ_0030,1632477,1632478,1632475,Sun Nov 05 20:46:00 +0000 2017,AmazonHelp,False,<USER_1> Who's the carrier assigned to the delivery: https://t.co/Y5jpI9gRhE? ^AB
AMZ_0030,1632477,1632479,1632478,Sun Nov 05 20:51:48 +0000 2017,<USER_1>,True,@AmazonHelp Carrier is AMZL US ...Amazon!
AMZ_0030,1632477,1632480,1632479,Sun Nov 05 20:56:00 +0000 2017,AmazonHelp,False,<USER_1> Thank you. We'd like to look into this for you. Please provide your order details here: https://t.co/YQ9WKLXQU4 ^ST
AMZ_0030,1632477,1632481,1632480,Sun Nov 05 21:08:18 +0000 2017,<USER_1>,True,@AmazonHelp Done
AMZ_0031,2311791,2311789,2311791,Sun Nov 12 21:49:00 +0000 2017,AmazonHelp,False,"<USER_1> I'm terribly sorry for the trouble you have experienced, Marquita! Please keep us posted on the outcome and all options provided! ^VB"
AMZ_0031,2311791,2311790,2311789,Sun Nov 12 21:52:31 +0000 2017,<USER_1>,True,"@AmazonHelp I was told my only option is to return the item. I was not offered express shipping for a replacement or even an additional month of Prime for my inconvenience, just an apology and ""there's nothing we can do about it"" This is not what I have come to expect from Amazon."
AMZ_0031,2311791,2311791,,Sun Nov 12 21:28:53 +0000 2017,<USER_1>,True,"I ordered an RX100V from <USER_1>, excitedly open the package only to find out that it was an RX100 in an RX100V box, and now the rep I am on the phone with is telling there is nothing she can do about it, and there is no supervisor available. I am FUMING right now!"
AMZ_0032,1667254,1667253,1667254,Mon Nov 06 11:31:00 +0000 2017,AmazonHelp,False,<USER_1> shared earlier by 'VH' here: https://t.co/NA1KY5xNjU &amp; we'll be able to assist you with your concern. (2/2)^SF
AMZ_0032,1667254,1667254,,Mon Nov 06 11:16:25 +0000 2017,<USER_1>,True,"Hello, I ordered an Redgear HellStorm V2 Headphone on 15 Oct for 699 rs and it got mic broken,20th days and still getting refund. <USER_1>"
AMZ_0032,1667254,1667255,1667254,Mon Nov 06 11:31:00 +0000 2017,AmazonHelp,False,<USER_1> I understand your concern for the return of your order. Please provide your details in the link (1/2)^SF
AMZ_0033,608117,608106,608108,Wed Nov 22 12:16:26 +0000 2017,AmazonHelp,False,"<USER_1> Hey, did you get any emails from us about your account? Please check your spam/junk mail as well. ^MA"
AMZ_0033,608117,608107,608106,Wed Nov 22 12:20:36 +0000 2017,<USER_1>,True,"@AmazonHelp I did not, besides those for password reset and verification codes. Still can't access my account."
AMZ_0033,608117,608108,608116,Wed Nov 22 12:05:09 +0000 2017,<USER_1>,True,"@AmazonHelp Can't log into my Amazon account. Keeps saying password is incorrect even after changing it, or using a verification code. I've tried clearing browser cache/cookie data on all my devices and it still won't let me in. It was after making a purchase last night."
AMZ_0033,608117,608109,608107,Wed Nov 22 12:30:00 +0000 2017,AmazonHelp,False,<USER_1> Sorry to hear about the account issues you've been having. Can I ask which Amazon site you are attempting to access (.com / .co.uk / .es / etc)?^TI
AMZ_0033,608117,608110,608109,Wed Nov 22 12:34:06 +0000 2017,<USER_1>,True,"@AmazonHelp I've tried with .com and .es
No difference, can't enter my Amazon account even after another password change, still shows as ""incorrect""."
AMZ_0033,608117,608111,608110,Wed Nov 22 14:46:40 +0000 2017,AmazonHelp,False,"<USER_1> I'm so sorry that this is happening! We'd like to give this the attention it needs. Please visit this link so we can help you resolve this matter: https://t.co/jzvkhd3Qlv

Please keep us updated! ^SA"
AMZ_0033,608117,608112,608111,Wed Nov 22 15:16:07 +0000 2017,<USER_1>,True,"@AmazonHelp Understood. I've just sent the email, and I'll wait for a response."
AMZ_0033,608117,608113,608111,Wed Nov 22 16:40:10 +0000 2017,<USER_1>,True,"@AmazonHelp Thank you for your help, seems my issue is fixed now, thank you! https://t.co/26qS1gLgeD"
AMZ_0033,608117,608114,608113,Wed Nov 22 16:44:25 +0000 2017,AmazonHelp,False,"<USER_1> No problem at all, glad you managed to get everything sorted! Let me know if you need anything else.^TI"
AMZ_0033,608117,608115,608114,Wed Nov 22 16:53:47 +0000 2017,<USER_1>,True,@AmazonHelp Absolutely no problems other than the fact my order seems to have been canceled. I'm a little scared to try do order it once more in case my issue is repeated.
AMZ_0033,608117,608116,608117,Wed Nov 22 11:59:26 +0000 2017,AmazonHelp,False,"<USER_1> We'd like to address your concerns. Without providing any personal or account information, can you tell us more about any issues you're having?^CN"
AMZ_0033,608117,608117,,Wed Nov 22 11:57:18 +0000 2017,<USER_1>,True,"Seeing if I can contact Amazon through Twitter, if not then it's the all-or-nothing call
Hopefully my carrier won't charge me much for it"
AMZ_0034,2198899,2198898,2198899,Thu Oct 19 14:14:39 +0000 2017,AmazonHelp,False,"<USER_1> Hola, si se ha activado accidentalmente puedes solicitar la cancelación así: https://t.co/iL3P5YS8uK. ^KS"
AMZ_0034,2198899,2198899,,Thu Oct 19 14:07:35 +0000 2017,<USER_1>,True,"Que simpático <USER_1> colándote el Prime al primer descuido. Y luego, ponte a cancelarlo, a ver si lo he conseguido. :-("
AMZ_0035,2192318,2192313,2192314,Thu Nov 09 21:13:00 +0000 2017,AmazonHelp,False,<USER_1> I'm so sorry for this poor experience! The shipping address chosen at checkout could also have an impact on the delivery date as well as the shipping method chosen at checkout. What is the current delivery date showing for this order? https://t.co/Y5jpI9gRhE ^HS
AMZ_0035,2192318,2192314,2192315,Thu Nov 09 21:02:55 +0000 2017,<USER_1>,True,"@AmazonHelp Placed order yesterday for in stock item, 2 day free prime shipping. Order email came, looked at it today said delivery on the 15th. Called CS, to ask why this happen since I gave a friend the link to the item and he ordered 3 hours later and his shipped last night. 1/2"
AMZ_0035,2192318,2192315,2192318,Thu Nov 09 20:50:31 +0000 2017,AmazonHelp,False,"<USER_1> I'm terribly sorry for the poor experience! Without sharing personal or account specific information, can you tell us the nature of your call and what information/options were provided by out Customer Support team? ^EZ"
AMZ_0035,2192318,2192316,2192315,Thu Nov 09 21:06:55 +0000 2017,<USER_1>,True,"@AmazonHelp Also add after leaving crappy feedback was Asked ""give us one more chance"" so I clicked the item for someone to call me. No one has called that was like 2 hours ago. Order still hasn't shipped either."
AMZ_0035,2192318,2192317,2192315,Thu Nov 09 21:05:01 +0000 2017,<USER_1>,True,"@AmazonHelp CS basically accused me of lying asked for friends order number which I refused to give. Asked if shipping today why am I getting it Mon instead of Sat. Said ""Dear because there is a weekend in between""  offered to request faster shipping. As of now nothing has changed."
AMZ_0035,2192318,2192318,,Thu Nov 09 20:37:53 +0000 2017,<USER_1>,True,Just after I praised <USER_1> they went and screwed me on an order and then their customer service was so unhelpful I ended the conversation in anger. CS rep actually asked me for a friend order ID to prove to her I wasn't lying. WTF
AMZ_0036,2964094,2964087,2964089,Wed Nov 29 21:52:33 +0000 2017,AmazonHelp,False,"<USER_1> Comprendo il tuo disappunto e mi dispiace. Da qui non posso verificare il tuo ordine, ma il nostro Servizio Clienti rimane a tua completa disposizione per qualsiasi ulteriore chiarimento: non esitare a ricontattarlo. ^EA"
AMZ_0036,2964094,2964088,2964087,Thu Nov 30 11:19:02 +0000 2017,<USER_1>,True,@AmazonHelp Già fatto ma non arriva nulla a casa 🏠. Solo parole!!!
AMZ_0036,2964094,2964089,2964090,Wed Nov 29 21:49:12 +0000 2017,<USER_1>,True,"@AmazonHelp Già fatto ma ho ottenuto un risultato: assolutamente no. Mi hanno risposto che per venerdì saranno consegnati, una settimana per avere dei prodotti già pagati e non due giorni lavorativi essendo cliente Prime. Pazzesco, assurdo e poco professionale."
AMZ_0036,2964094,2964090,2964094,Wed Nov 29 21:44:35 +0000 2017,AmazonHelp,False,"<USER_1> Ciao, mi dispiace molto per questo disguido! Se non l'hai già fatto, segnalalo al nostro Servizio Clienti da qui: https://t.co/SRCv7Vhkf3. I miei colleghi sono a tua disposizione per assistenza dalle 6 alle 24. Grazie e a presto! ^EA"
AMZ_0036,2964094,2964091,2964090,Wed Nov 29 21:56:27 +0000 2017,<USER_1>,True,"@AmazonHelp Perderete vari clienti tra il sottoscritto ed i miei parenti. Lo so che è influente per Voi,ma sbandierate ai quattro venti che il cliente prima di tutto ma non è vero assolutamente.Sono stufo di scriverVi e quasi di pregarVi per avere dei prodotti già pagati nei tempi stabiliti."
AMZ_0036,2964094,2964092,2964090,Wed Nov 29 21:53:39 +0000 2017,<USER_1>,True,"@AmazonHelp Varie volte mi volvevo cancellare, ma se gli altri prodotti non mi arrivano entro domani mattina entro le 13, mia moglie resta a casa, mi cancellerò da Prime ed anche tutti i miei parenti. I soldi li prendete subito ma gli articoli non li inviate in tempo come cliente Prime."
AMZ_0036,2964094,2964093,2964090,Wed Nov 29 21:51:06 +0000 2017,<USER_1>,True,"@AmazonHelp Potete vendere anche milioni e milioni di prodotti ma siete carenti nelle spedizioni, sempre ritardi e ritardi per il sottoscritto. È una vergogna, pago 19,99 euro all’anno per essere cliente Prime e,lo sono dal lontano anno 2012,per avere la merce a casa come un normale cliente."
AMZ_0036,2964094,2964094,,Wed Nov 29 21:40:37 +0000 2017,<USER_1>,True,"<USER_1> Buonasera,sono cliente Prime dall’anno 2012. Ho acquistato moltissime cose.Da circa sei mesi il Vostro servizio di spedizioni non funziona:oggi mi dovevano recapitare 5 prodotti, e solo 2 lasciati al bar con mia moglie a casa l’intero giorno.Mi cancellerò quanto prima."
AMZ_0037,2067244,2067241,2067242,Sun Nov 26 12:30:00 +0000 2017,AmazonHelp,False,"<USER_1> Con respecto a tu pedido, por este medio no contamos con acceso a tu cuenta por lo que para saber el estado del mismo te recomiendo ponerte en contacto con Soporte al Cliente por medio del siguiente enlace: https://t.co/OjvUxwnzPe
^DB"
AMZ_0037,2067244,2067242,2067244,Sun Nov 26 12:20:00 +0000 2017,<USER_1>,True,@AmazonHelp Lo he cancelado mientras estaba en reparto. ¿Me pueden informar de su estado y cobro? El núm de pedido es <PHONE_1>-7383519
AMZ_0037,2067244,2067243,2067242,Sun Nov 26 12:28:00 +0000 2017,AmazonHelp,False,<USER_1> Salva te recordamos que este es un medio público y no es recomendable  adjuntar información sensible sobre tu cuenta ni números de pedido. De la manera más atenta te pedimos modificar o borrar los comentarios que incluyan este tipo de información. ^DB
AMZ_0037,2067244,2067244,,Sun Nov 26 12:14:29 +0000 2017,AmazonHelp,False,"<USER_1> Hola, Salva. En Amazon los productos se cobran hasta que son enviados, si tuviste la oportunidad de cancelarlo es porque aún no se había cobrado. Si ves un cobro puede estar relacionado con una retención por parte de tu banco.  https://t.co/vlNVM1iuxR
^DB"
AMZ_0038,540863,540858,540859,Sat Dec 02 15:35:00 +0000 2017,AmazonHelp,False,<USER_1> We'd like to assist you with this. Kindly drop your details here: https://t.co/beaaDm0muc and we’ll contact you soon. ^BV
AMZ_0038,540863,540859,540860,Sat Dec 02 15:00:56 +0000 2017,<USER_1>,True,"@AmazonHelp Still same issue... Can't connect call to Amazon Customer care...
IVR instructing to Visit App for Any kind of Help... Day by Day Amazon service is going Down... Seems to be No Customer Centricity..."
AMZ_0038,540863,540860,540861,Tue Nov 28 09:12:58 +0000 2017,AmazonHelp,False,<USER_1> Kindly get in touch with us here: https://t.co/MxpfvDaxuQ and we’ll be glad to help you. ^NS
AMZ_0038,540863,540861,540862,Tue Nov 28 09:00:50 +0000 2017,<USER_1>,True,"@AmazonHelp Having query Regarding Recharge cashback through Amazon Pay...

Can u Guys call me ??"
AMZ_0038,540863,540862,540863,Tue Nov 28 08:55:52 +0000 2017,AmazonHelp,False,"<USER_1> That's strange, Maulik! Please do let us know your concern, we'd like to assist you. ^EM"
AMZ_0038,540863,540863,,Tue Nov 28 08:42:36 +0000 2017,<USER_1>,True,"<USER_1> 

Need help Regarding Query...

Ur Helpline seems to be Very Busy... Unable to call again and again..."
AMZ_0039,1545713,1545711,1545713,Sat Nov 04 06:29:33 +0000 2017,AmazonHelp,False,"<USER_1> Hello, which contacts methods are you looking for ? We can try to help if possible. ^CR"
AMZ_0039,1545713,1545712,1545711,Sat Nov 04 06:30:23 +0000 2017,<USER_1>,True,@AmazonHelp Phone contact. I can't get to it from the Help section anymore.
AMZ_0039,1545713,1545713,,Sat Nov 04 06:12:04 +0000 2017,<USER_1>,True,Did <USER_1> remove the contact methods? Looks that way. That's disappointing.
AMZ_0039,1545713,1545714,1545712,Sat Nov 04 06:41:00 +0000 2017,AmazonHelp,False,"<USER_1> Hey, you can contact us here:  https://t.co/hApLpMlfHN ^AT"
AMZ_0039,1545713,1545715,1545714,Sat Nov 04 07:38:51 +0000 2017,<USER_1>,True,"@AmazonHelp Phone option is not showing up. Plus, my issue is not even a little bit listed."
AMZ_0039,1545713,1545716,1545715,Sat Nov 04 07:41:25 +0000 2017,AmazonHelp,False,<USER_1> You can also request a call back here https://t.co/JAjaxr7yo1 ^KM
AMZ_0039,1545713,1545717,1545716,Sat Nov 04 08:14:13 +0000 2017,<USER_1>,True,@AmazonHelp It won't let me put in my full number. It's missing a place for one more.
AMZ_0039,1545713,1545718,1545716,Sat Nov 04 08:16:24 +0000 2017,<USER_1>,True,@AmazonHelp I'm trying to get someone at seller support. Is there a way for them to call me?
AMZ_0039,1545713,1545719,1545718,Sat Nov 04 08:22:32 +0000 2017,AmazonHelp,False,<USER_1> Please use the link provided by ^KM and ask to be transferred to Seller support. ^AT
AMZ_0039,1545713,1545720,1545719,Sat Nov 04 08:58:11 +0000 2017,<USER_1>,True,@AmazonHelp Go back and read the problem there is with it.
AMZ_0039,1545713,1545721,1545720,Sat Nov 04 09:16:29 +0000 2017,AmazonHelp,False,"<USER_1> Hi. When you accessed the link ^AT provided, did you request to speak to seller support? ^DC"
AMZ_0039,1545713,1545722,1545721,Sat Nov 04 09:30:02 +0000 2017,<USER_1>,True,@AmazonHelp How can I when I can't talk to anyone?
AMZ_0039,1545713,1545723,1545722,Sat Nov 04 09:41:57 +0000 2017,AmazonHelp,False,<USER_1> When you reached out to Customer Service were they not able to transfer you to seller support? ^KM
AMZ_0039,1545713,1545724,1545723,Sat Nov 04 10:27:25 +0000 2017,<USER_1>,True,@AmazonHelp You're really not following me. Go back and read this thread. I can't even get CS to call me.
AMZ_0039,1545713,1545725,1545724,Sat Nov 04 10:49:00 +0000 2017,AmazonHelp,False,<USER_1> Does this not work either? https://t.co/d4UjtG6jxX ^AT
AMZ_0039,1545713,1545726,1545725,Sat Nov 04 10:50:03 +0000 2017,<USER_1>,True,"@AmazonHelp No, I already addressed that."
AMZ_0039,1545713,1545727,1545726,Sat Nov 04 11:13:00 +0000 2017,AmazonHelp,False,<USER_1> What seems to be the problem on this one? ^AT
AMZ_0039,1545713,1545728,1545727,Sat Nov 04 11:14:20 +0000 2017,<USER_1>,True,"@AmazonHelp You really didn't go back and read. As I said before, it lacks one more place to put the full number."
AMZ_0039,1545713,1545729,1545728,Sat Nov 04 11:44:57 +0000 2017,AmazonHelp,False,"<USER_1> Are you including a country code (+1, +44, +61) to your phone number when entering?  ^TH"
AMZ_0039,1545713,1545730,1545729,Sat Nov 04 11:46:31 +0000 2017,<USER_1>,True,"@AmazonHelp Forget the country code, there's not even enough room for the phone number."
AMZ_0039,1545713,1545731,1545730,Sat Nov 04 11:54:24 +0000 2017,AmazonHelp,False,<USER_1> That's odd. Have you tried clearing your cache and cookies or attempting the link in another browser? ^TH
AMZ_0039,1545713,1545732,1545731,Sat Nov 04 11:56:45 +0000 2017,<USER_1>,True,@AmazonHelp yes
AMZ_0039,1545713,1545733,1545732,Sat Nov 04 12:03:27 +0000 2017,AmazonHelp,False,<USER_1> Have you tried another browser? ^MC
AMZ_0039,1545713,1545734,1545733,Sat Nov 04 12:05:36 +0000 2017,<USER_1>,True,@AmazonHelp yes...
AMZ_0039,1545713,1545735,1545734,Sat Nov 04 12:16:01 +0000 2017,AmazonHelp,False,"<USER_1> Please follow this link: https://t.co/Q9sfwHdscj Select your country, and provide your phone number. ^ZW"
AMZ_0039,1545713,1545736,1545735,Sat Nov 04 12:28:22 +0000 2017,<USER_1>,True,@AmazonHelp I was transferred and finally was able to talk to someone.
AMZ_0039,1545713,1545737,1545735,Sat Nov 04 12:20:19 +0000 2017,<USER_1>,True,@AmazonHelp That's not seller support.
AMZ_0039,1545713,1545738,1545736,Sat Nov 04 12:35:50 +0000 2017,AmazonHelp,False,<USER_1> That's good to hear. Keep us updated on the resolution of your seller issue. ^TH
AMZ_0040,2399213,2399203,2399205,Sat Nov 18 10:46:26 +0000 2017,AmazonHelp,False,<USER_1> Thanks.^CD
AMZ_0040,2399213,2399204,2399203,Mon Nov 20 11:50:57 +0000 2017,<USER_1>,True,"@AmazonHelp Hello. Me again. I sorted out the cancellation of the item and received 2 confirmation emails about it. However, I've been charged for it today so I'm currently 130 overdrawn. I've contacted the seller but not heard anything back yet. Any recommendations?
Rudi"
AMZ_0040,2399213,2399205,2399206,Sat Nov 18 10:21:34 +0000 2017,<USER_1>,True,@AmazonHelp Thank you. I sent a message to the seller on there. Hope it works.
AMZ_0040,2399213,2399206,2399207,Sat Nov 18 08:57:24 +0000 2017,AmazonHelp,False,<USER_1> Try contacting us directly on a browser instead of the app. ^KM
AMZ_0040,2399213,2399207,2399208,Sat Nov 18 08:45:03 +0000 2017,<USER_1>,True,@AmazonHelp Do you mean email customer service or use the website to cancel the order. This loaded when I clicked on cancel order. https://t.co/G3p0hhRKvi
AMZ_0040,2399213,2399208,2399209,Sat Nov 18 08:34:27 +0000 2017,AmazonHelp,False,<USER_1> Oh no! Contact us here: https://t.co/JzP7hlA23B so we can help ^AS
AMZ_0040,2399213,2399209,2399210,Sat Nov 18 08:19:01 +0000 2017,<USER_1>,True,@AmazonHelp I've attempted to load it multiple times. It's on the ordered today section. I must of pocket bought it as I had been looking at the item a while earlier.
AMZ_0040,2399213,2399210,2399211,Sat Nov 18 08:16:26 +0000 2017,AmazonHelp,False,"<USER_1> ugh! Hate that page already! Have you tried refreshing the page, also was your order in the shipping phase? ^AS"
AMZ_0040,2399213,2399211,2399212,Sat Nov 18 07:59:23 +0000 2017,<USER_1>,True,"@AmazonHelp A blank screen after the little orange loading bar finishes.
Thanks for replying. Wasn't expecting anything. https://t.co/vRCjxbfnoY"
AMZ_0040,2399213,2399212,2399213,Sat Nov 18 07:57:29 +0000 2017,AmazonHelp,False,"<USER_1> Hi Rudi, what are you getting when you click on it? Any error messages? ^AT"
AMZ_0040,2399213,2399213,,Sat Nov 18 07:37:28 +0000 2017,<USER_1>,True,Hey <USER_1> <USER_1> how come the cancel order page on the app doesn't load when everything else does? Very strange.
AMZ_0041,1042352,1042347,1042348,Mon Oct 23 09:03:54 +0000 2017,AmazonHelp,False,<USER_1> I'm sorry about the delay. Please reach out to our support here: https://t.co/vlvfJr4nN9. We’ll look into it. ^SB
AMZ_0041,1042352,1042348,1042349,Mon Oct 23 08:34:39 +0000 2017,<USER_1>,True,@AmazonHelp did not received any update yet order id is <PHONE_1>-0968369
AMZ_0041,1042352,1042349,1042350,Sun Oct 15 12:08:33 +0000 2017,AmazonHelp,False,"<USER_1> Sure, do keep us posted if you haven't received any update. ^PS"
AMZ_0041,1042352,1042350,1042351,Sun Oct 15 12:00:02 +0000 2017,<USER_1>,True,@AmazonHelp i received a call from amazon they told us that the will to take a right action as soon as possible
AMZ_0041,1042352,1042351,1042352,Sun Oct 15 11:58:00 +0000 2017,AmazonHelp,False,<USER_1> I'm sorry about the situation. Kindly connect with us here: https://t.co/vlvfJr4nN9 we'd like to help.^SG
AMZ_0041,1042352,1042352,,Sun Oct 15 11:34:03 +0000 2017,<USER_1>,True,"<USER_1> bought Philips Trimmer received a used niva trimmer , what to do , I'm a prime member, First time it is a worst experience"
AMZ_0042,2602251,2602238,2602241,Fri Nov 17 08:29:28 +0000 2017,AmazonHelp,False,<USER_1> We've responded to your query here: https://t.co/kuQJClot0Q. Kindly check. ^PS
AMZ_0042,2602251,2602239,2602238,Fri Nov 17 08:39:01 +0000 2017,<USER_1>,True,@AmazonHelp Please call immediately
AMZ_0042,2602251,2602240,2602238,Fri Nov 17 08:37:59 +0000 2017,<USER_1>,True,"@AmazonHelp Not satisfied, please call....you have not confirmed regarding order cancellation.. please call, please call"
AMZ_0042,2602251,2602241,2602251,Fri Nov 17 07:58:21 +0000 2017,<USER_1>,True,<USER_1> Totally disappointed with amazon
AMZ_0042,2602251,2602242,2602239,Fri Nov 17 09:08:00 +0000 2017,AmazonHelp,False,<USER_1> You can respond to the correspondence you have received. We will assist you further. ^JS
AMZ_0042,2602251,2602243,2602242,Fri Nov 17 09:17:12 +0000 2017,<USER_1>,True,"@AmazonHelp Sir,I am surprised that Amazon India refused to speak regarding order as if to force the item on the buyer.There is no choice at all for personal https://t.co/Ob2xF5x2kW disappointed and that is frustrating"
AMZ_0042,2602251,2602244,2602242,Fri Nov 17 11:11:45 +0000 2017,<USER_1>,True,"@AmazonHelp If I am forced to buy,I will be never happy."
AMZ_0042,2602251,2602245,2602243,Fri Nov 17 09:36:28 +0000 2017,AmazonHelp,False,"<USER_1> We've responded to your query via DM, request you to check the same. ^SH"
AMZ_0042,2602251,2602246,2602245,Fri Nov 17 10:34:24 +0000 2017,<USER_1>,True,@AmazonHelp I repeat I am not satisfied. please call
AMZ_0042,2602251,2602247,2602245,Fri Nov 17 10:33:37 +0000 2017,<USER_1>,True,"@AmazonHelp I repeat I am not satisfied, please call me"
AMZ_0042,2602251,2602248,2602247,Fri Nov 17 10:50:00 +0000 2017,AmazonHelp,False,"<USER_1> We're unable to reach you via this medium, Kumar. Please respond to our email so we could take it from there. ^JC"
AMZ_0042,2602251,2602249,2602248,Fri Nov 17 11:10:44 +0000 2017,<USER_1>,True,"@AmazonHelp Despite my cancellation Amazon in have deppached item.I didn't receive any other mail except confirmation of despatch.please cancel, repeat cancel the despatch."
AMZ_0042,2602251,2602250,2602249,Fri Nov 17 11:37:26 +0000 2017,AmazonHelp,False,<USER_1> I'm sorry about the disappointment. Kindly connect with us here: https://t.co/vlvfJr4nN9 we'd like to help. ^SG
AMZ_0042,2602251,2602251,,Fri Nov 17 07:56:13 +0000 2017,<USER_1>,True,"<USER_1> why is order cancellation such tedious job,is it purposely done to discourage even genuine buyers? And why you discourage telephonic conversation"
AMZ_0043,650126,650125,650126,Sat Nov 25 06:49:24 +0000 2017,AmazonHelp,False,<USER_1> Amazon is an equal opportunity employer.  Amazon or its Recruitment Partners do not charge any fee or security deposit from the candidate for offering employment. ^RW
AMZ_0043,650126,650126,,Sat Nov 25 06:26:30 +0000 2017,<USER_1>,True,"Plz help me <USER_1> 
I saw a job advertisement for the post of amazon supervisor  on <USER_1>  when i called them they offering jobs to freshers but to get this job they asked me to deposit 1550₹ in delhi for uniform charges.
Is this genuine or fraud?
I hv attached their msg https://t.co/cRJ0oZS9EZ"
AMZ_0044,207760,207755,207756,Wed Oct 04 21:20:26 +0000 2017,AmazonHelp,False,"<USER_1> I'm sorry to hear the call dropped! Seller Support is in the best position to help! Keep us posted, we're here for you! ^KN"
AMZ_0044,207760,207756,207757,Wed Oct 04 21:15:14 +0000 2017,<USER_1>,True,"@AmazonHelp Ridiculous. Filled out form, submitted my phone number to be contacted and got hung up on almost as soon as I was put on hold. #rabbithole"
AMZ_0044,207760,207757,207758,Wed Oct 04 16:50:04 +0000 2017,AmazonHelp,False,"<USER_1> We don't have access to account info via Twitter, but would like to help. Please reach out here: https://t.co/hApLpMlfHN ^VS"
AMZ_0044,207760,207758,207759,Wed Oct 04 16:38:03 +0000 2017,<USER_1>,True,@AmazonHelp Thx for response! I can't get my product out of draft mode and there are no red/highlighted fields to fill out even though it says there are
AMZ_0044,207760,207759,207760,Mon Oct 02 00:51:00 +0000 2017,AmazonHelp,False,"<USER_1> I'm sorry to hear this! We'd like to help, if possible! Without giving account details, please let us know more. ^BH"
AMZ_0044,207760,207760,,Mon Oct 02 00:16:42 +0000 2017,<USER_1>,True,1st experience w/ <USER_1> CS as seller is hot mess. Going in circles for over 1.5 hrs! Still on the phone trying to get ez question answered
AMZ_0045,2382473,2382471,2382473,Tue Nov 14 06:37:00 +0000 2017,AmazonHelp,False,<USER_1> Sorry to know about the delivery issue. Have you reported this issue to our support team here: https://t.co/00q4Sqj9zL for assistance? Please keep us posted. ^KA
AMZ_0045,2382473,2382472,2382471,Tue Nov 14 11:05:31 +0000 2017,<USER_1>,True,"@AmazonHelp I got my package after blasting your customer representatives and the courier office, when I received a call from them. Inspite of the delay, they wanted to deliver it by 6pm today. Only after I pressed them to deliver by 2pm, they expedited. Shame!"
AMZ_0045,2382473,2382473,,Tue Nov 14 06:17:02 +0000 2017,<USER_1>,True,"@AmazonHelp <USER_1> You guys attempt delivery to an office address on weekends, but not on weekdays. Are you brainless? On top of that, courier guy's don't call me also. It has been four days. Where the hell is my order? #badcustomerservice"
AMZ_0045,2382473,2382474,2382472,Tue Nov 14 11:07:35 +0000 2017,<USER_1>,True,"@AmazonHelp Plz improve your courier partners and your process. 1st, you guys don't have any direct connection with them. 2nd, you have stupid/slacker/(sometyms rude) courier guys. They attempted delivery to an office address on weekends, and left the package untouched for the next 2 days."
AMZ_0046,2720045,2720042,2720045,Mon Nov 20 09:02:00 +0000 2017,AmazonHelp,False,"<USER_1> Hey, I'm afraid we can't access or change any account details over Twitter. Have you received any contact from our Account Specialist team? ^PJ"
AMZ_0046,2720045,2720043,2720042,Mon Nov 20 09:05:38 +0000 2017,<USER_1>,True,@AmazonHelp ???? NO I HAVENT RECEIVED HELP FROM ANYONE HENSE MY ATTITUDE
AMZ_0046,2720045,2720044,2720042,Mon Nov 20 09:03:19 +0000 2017,<USER_1>,True,@AmazonHelp Would you kindly direct message me so we can address the issue further.
AMZ_0046,2720045,2720045,,Mon Nov 20 08:56:05 +0000 2017,<USER_1>,True,"<USER_1> you've locked my account😐 I've emailed customer service, but their replies are just unacceptably slow. PLEASE DM ME AS SOON AS POSSIBLE TO RESOLVE THE PROBLEM."
AMZ_0047,2825704,2825702,2825704,Mon Nov 27 09:54:00 +0000 2017,AmazonHelp,False,"<USER_1> I'm sorry about the trouble with the cash load service. We'd like to look into this, kindly drop in your details here: https://t.co/beaaDm0muc and we'll reach out to you with an update right away. ^EM"
AMZ_0047,2825704,2825703,2825702,Mon Nov 27 10:10:42 +0000 2017,<USER_1>,True,@AmazonHelp I have filled the form and need a responses asap as the cash back offer ends today and if you dont reply you ll have to give me cash back for every order i make when I get the cash in my amazon pay balance
AMZ_0047,2825704,2825704,,Mon Nov 27 09:15:01 +0000 2017,<USER_1>,True,"<USER_1> <USER_1> been 3 days now used cash load servce and i hvnt got the cash till now in amzn pay accnt. I need to shop i cant . I have writn mails but they say to wait n wait , i want my money and compensation for the same i want my bloody cash back"
AMZ_0047,2825704,2825705,2825703,Mon Nov 27 10:53:32 +0000 2017,AmazonHelp,False,<USER_1> We have received your details. We are working on it and will get back to you with an update soon. Appreciate your understanding. ^VH
AMZ_0047,2825704,2825706,2825705,Tue Nov 28 08:43:52 +0000 2017,<USER_1>,True,@AmazonHelp Kya hua bhai .. phone karne ke lie balance nai hai ? Mere paise se karale recharge yaar kat ke dedio ... call to kar kum se kum .. <USER_1>  <USER_1> #amazonpay
AMZ_0047,2825704,2825707,2825706,Tue Nov 28 09:00:36 +0000 2017,AmazonHelp,False,<USER_1> We've emailed a correspondence to you. Kindly check it here: https://t.co/sC1mf2vwg9 and reply to it for further assistance. ^SF
AMZ_0047,2825704,2825708,2825707,Tue Nov 28 09:29:54 +0000 2017,<USER_1>,True,@AmazonHelp Now if you will work on the issue and ask someone to call me that would be better <USER_1> <USER_1>
AMZ_0047,2825704,2825709,2825707,Tue Nov 28 09:24:55 +0000 2017,<USER_1>,True,@AmazonHelp And if you can read the mails . I have replied 3 times but havent received any call yet .
AMZ_0047,2825704,2825710,2825708,Tue Nov 28 09:43:56 +0000 2017,AmazonHelp,False,<USER_1> Since you've responded to the correspondence. You'd receive an update anytime soon. Appreciate your patience and understanding. ^EM
AMZ_0047,2825704,2825711,2825710,Wed Nov 29 08:19:58 +0000 2017,<USER_1>,True,@AmazonHelp I have received the refund but when will I get the cash back as door step cash load entitles me to avail 20% cash back I loaded ₹2640 so i have to get ₹500 cash back . So when will i get that ?
AMZ_0047,2825704,2825712,2825711,Wed Nov 29 08:38:00 +0000 2017,AmazonHelp,False,<USER_1> I understand your concern regarding the cashback for your cash load. May I know when did you load the money? ^BS
AMZ_0047,2825704,2825713,2825712,Wed Nov 29 08:52:51 +0000 2017,<USER_1>,True,"@AmazonHelp Again i ve to describe whole situation ? I loaded on 24th but were not credited so ur customer care ppl have today credited as a gift card. As it was getting delayed day after day , Amount was 2640 which i loaded cash back to be credited is ₹500"
AMZ_0047,2825704,2825714,2825713,Wed Nov 29 09:30:27 +0000 2017,AmazonHelp,False,<USER_1> I get your disappointment. You would have received an email correspondence to your registered email ID. Kindly check it and reply with your concerns.  ^SC
AMZ_0048,206160,206159,206160,Mon Nov 06 13:20:00 +0000 2017,AmazonHelp,False,<USER_1> Sorry to hear of the account troubles! Have you received an e-mail from an Account Specialist regarding your account? ^AB
AMZ_0048,206160,206160,,Mon Nov 06 12:57:51 +0000 2017,<USER_1>,True,<USER_1> @AmazonHelp you guys are fucking bluffs. I️ will never shop in this website again. Locking my account for no reason
AMZ_0049,619300,619296,619298,Wed Nov 22 14:29:35 +0000 2017,AmazonHelp,False,<USER_1> I'm sorry for the trouble while canceling your order. Have you tried the steps listed here: https://t.co/KGSAbUFgdB? ^RA
AMZ_0049,619300,619297,619296,Wed Nov 22 15:31:44 +0000 2017,<USER_1>,True,@AmazonHelp Thank you so much have a great Wednesday night 🙏🏽
AMZ_0049,619300,619298,619300,Wed Nov 22 14:23:08 +0000 2017,<USER_1>,True,<USER_1> Cancel order section every time I log onto the app or phone
AMZ_0049,619300,619299,619297,Wed Nov 22 15:39:00 +0000 2017,AmazonHelp,False,"<USER_1> Glad we were able to assist so swiftly, have a great evening too. ^BD"
AMZ_0049,619300,619300,,Wed Nov 22 14:22:40 +0000 2017,<USER_1>,True,<USER_1> i ordered something by mistake &amp; it says the books going to come onto my device or kindle? I've logged onto my account&amp; there's no
AMZ_0050,2439648,2439645,2439647,Tue Nov 14 22:35:40 +0000 2017,AmazonHelp,False,<USER_1> We are always looking for ways to improve. Please help us by providing your feedback about Kindle and language support here: __email__. We appreciate it! ^EA
AMZ_0050,2439648,2439646,2439645,Tue Nov 14 22:39:50 +0000 2017,<USER_1>,True,@AmazonHelp i wrote you and i wrote <USER_1> and <USER_1>..it’s been three years now. i’m willing to work for free for you if that’s what it takes to add arabic.
AMZ_0050,2439648,2439647,2439648,Tue Nov 14 22:04:42 +0000 2017,<USER_1>,True,"<USER_1> and <USER_1> kindle still doesn’t support arabic. 
cc:  <USER_1>"
AMZ_0050,2439648,2439648,,Tue Nov 14 21:43:54 +0000 2017,<USER_1>,True,"Maybe, this needs to change.

""The total number of books translated into Arabic during the 1,000 years since the age of Caliph Al-Ma’moun to this day is less than those translated into Spanish in one year"". 

- UN Arab Human Development Report"
AMZ_0051,1031092,1031091,1031092,Mon Oct 23 04:37:54 +0000 2017,AmazonHelp,False,"<USER_1> Also, as this a social medial platform, please don't provide order details. We consider it personal information.(3/3)^HR"
AMZ_0051,1031092,1031092,,Mon Oct 23 04:18:37 +0000 2017,<USER_1>,True,<USER_1> pl call me regarding order <PHONE_1>-6894743. Order lying at noida facility from oct 17. What is issue. Pl deliver
AMZ_0051,1031092,1031093,1031092,Mon Oct 23 04:35:25 +0000 2017,AmazonHelp,False,<USER_1> Have you reported this to our support team here: https://t.co/2t6DQoUmNZ ? (2/3)^HR
AMZ_0051,1031092,1031094,1031092,Mon Oct 23 04:35:00 +0000 2017,AmazonHelp,False,"<USER_1> As this is a social media platform, we can't view your account/order details. (1/3)^HR"
AMZ_0052,2558502,2558495,2558498,Thu Nov 16 17:04:35 +0000 2017,AmazonHelp,False,"<USER_1> When you spoke with us last, what was advised by the agent or the supervisor? Were options provided to you? ^FR"
AMZ_0052,2558502,2558496,2558495,Thu Nov 16 17:09:14 +0000 2017,<USER_1>,True,@AmazonHelp I told her I was tweeting suddenly I got options so they're going to apply the credit to my account thank u for having my back
AMZ_0052,2558502,2558497,2558495,Thu Nov 16 17:05:43 +0000 2017,<USER_1>,True,@AmazonHelp Nope!!! I was told supervisor would call but no call and now I'm waiting for a manager
AMZ_0052,2558502,2558498,2558500,Thu Nov 16 16:56:03 +0000 2017,<USER_1>,True,@AmazonHelp My giftcrd got redeemed STOLEN by one of YOUR customers
AMZ_0052,2558502,2558499,2558496,Thu Nov 16 17:28:22 +0000 2017,AmazonHelp,False,<USER_1> You're welcome! Happy to hear we are taking care of you. I hope you have a fantastic day! ^SW
AMZ_0052,2558502,2558500,2558502,Thu Nov 16 16:54:32 +0000 2017,AmazonHelp,False,"<USER_1> Hi! Without giving sensitive information, can you explain in more detail what happened? ^DA"
AMZ_0052,2558502,2558501,2558500,Thu Nov 16 16:57:33 +0000 2017,<USER_1>,True,@AmazonHelp And the supervisor is saying that the situation has been resolved I shown receipts the card everything it's been OVER a week!
AMZ_0052,2558502,2558502,,Thu Nov 16 16:51:41 +0000 2017,<USER_1>,True,@AmazonHelp help me understand how a supervisor can be mad but I'm the one who's been lied to
AMZ_0053,1439092,1439083,1439085,Thu Nov 02 11:12:55 +0000 2017,AmazonHelp,False,<USER_1> Thanks for sharing this with us. We will get this reviewed internally. ^CB
AMZ_0053,1439092,1439084,1439083,Thu Nov 02 11:17:09 +0000 2017,<USER_1>,True,@AmazonHelp Thank you so much. I was concerned because the new book is release date is nearing.
AMZ_0053,1439092,1439085,1439092,Thu Nov 02 10:58:19 +0000 2017,<USER_1>,True,"<USER_1> @AmazonHelp Also, You got to write the Author name first not the one who has written the foreword. Please correct the listing etc."
AMZ_0053,1439092,1439086,1439084,Thu Nov 02 11:39:34 +0000 2017,AmazonHelp,False,"<USER_1> I get your concern, thanks for flagging this. ^MJ"
AMZ_0053,1439092,1439087,1439086,Thu Nov 02 11:56:36 +0000 2017,<USER_1>,True,@AmazonHelp Thank you. The team seems to be working on this. I already see changes. Way to go.
AMZ_0053,1439092,1439088,1439087,Thu Nov 02 12:00:00 +0000 2017,AmazonHelp,False,<USER_1> You're welcome. Do keep us posted for any further concerns. We'll be glad to help. ^VN
AMZ_0053,1439092,1439089,1439088,Thu Nov 02 12:00:46 +0000 2017,<USER_1>,True,@AmazonHelp I had raised a ticket for merging my Amazon account and author page. Is it possible?
AMZ_0053,1439092,1439090,1439089,Thu Nov 02 12:23:00 +0000 2017,AmazonHelp,False,"<USER_1> I understand your concern, please contact us here: https://t.co/rS49hgaADF so that we can assist you accordingly. ^MN"
AMZ_0053,1439092,1439091,1439090,Thu Nov 02 12:29:05 +0000 2017,<USER_1>,True,@AmazonHelp I've already done that.
AMZ_0053,1439092,1439092,,Thu Nov 02 10:57:13 +0000 2017,<USER_1>,True,Collection of Chaos by Kris Saknussemm https://t.co/8UtacJEOUf via <USER_1> why is my book listed under Textbooks / Humanities? @AmazonHelp
AMZ_0054,472284,472280,472282,Fri Dec 01 09:26:24 +0000 2017,AmazonHelp,False,"<USER_1> I am very sorry to hear this. I have included a link below that may assist you with this, please keep us posted! https://t.co/bjVkb3rMOh.^GA"
AMZ_0054,472284,472281,472280,Fri Dec 01 09:29:39 +0000 2017,<USER_1>,True,@AmazonHelp I have re entered the card info for multiple cards that are thru different banks. It’s not a bank issue bc my banker sat on the phone w me &amp; amazon on &amp;there was zero issue w the bank. The supervisor I spoke to tonight told me to “use someone else’s card” or “make a new account”
AMZ_0054,472284,472282,472283,Fri Dec 01 09:23:14 +0000 2017,<USER_1>,True,"@AmazonHelp My orders keep getting canceled bc my cards aren’t working w my account. If I use someone else’s card it works. It’s not a bank problem, bc the bank cleared it. I was on the phone for 3 hours w amazon &amp; they said it was a glitch that would go away in 2 hrs &amp; it never did."
AMZ_0054,472284,472283,472284,Fri Dec 01 09:19:00 +0000 2017,AmazonHelp,False,"<USER_1> I am so sorry to hear that Cass! Without giving out any personal info, would you be able to tell us a bit more about the issue you are experiencing? We'd like to help!^MA"
AMZ_0054,472284,472284,,Fri Dec 01 09:14:51 +0000 2017,<USER_1>,True,"I have a deep love for <USER_1> but their customer service has been horribly dreadful to work with. One of their reps from India kept ignoring me, giving me attitude, and eventually hung up on me tonight. My new prime membership has been a nightmare 😬😅"
AMZ_0055,1207240,1207239,1207240,Wed Oct 25 09:40:46 +0000 2017,AmazonHelp,False,<USER_1> email with the refund details. Please connect with us here: https://t.co/00q4Sqj9zL and we'll check the status. (2/2) ^KA
AMZ_0055,1207240,1207240,,Wed Oct 25 09:26:20 +0000 2017,<USER_1>,True,"<USER_1> has the worst cancellation policy. Delivery guys collects the product but don't return the money, which is just RS.129 only."
AMZ_0055,1207240,1207241,1207240,Wed Oct 25 09:40:06 +0000 2017,AmazonHelp,False,<USER_1> It usually takes 5-10 business days for the product to reach our fulfillment center. Once returned you would receive an (1/2)^KA
AMZ_0056,1905637,1905634,1905635,Wed Oct 18 14:03:01 +0000 2017,AmazonHelp,False,<USER_1> Apologies for the ordeal Rohit. Please share your details here: https://t.co/GIJyeYqKE0 and I'll get back to you. ^HN
AMZ_0056,1905637,1905635,1905636,Wed Oct 18 13:37:40 +0000 2017,<USER_1>,True,"@AmazonHelp <USER_1> <USER_1> my email id is __email__ 
 I have talked to cs a lot of times 
Call me at my number"
AMZ_0056,1905637,1905636,1905637,Wed Oct 18 13:25:27 +0000 2017,AmazonHelp,False,<USER_1> Allow our support team to investigate this. You can report this here: https://t.co/R3EfhzgU8B. ^CB
AMZ_0056,1905637,1905637,,Wed Oct 18 13:18:26 +0000 2017,<USER_1>,True,"<USER_1> <USER_1> 
Ahh the downfall of amazon india
"" The most customer friendly company on earth "" is now worst company on earth (1/n)"
AMZ_0057,83532,83529,83530,Thu Nov 30 13:32:31 +0000 2017,AmazonHelp,False,"<USER_1> Hello, Greg!  Please reach out to us here: https://t.co/G6aFKY9HvU so we might further research what is going on with your account.  Thank you! ^WB"
AMZ_0057,83532,83530,83531,Thu Nov 30 13:13:25 +0000 2017,<USER_1>,True,@AmazonHelp Yes I arranged a time. No phone call. Email was sent by Account Specialist. And the best part you taken the money for the order........ I’m really disappointed
AMZ_0057,83532,83531,83532,Wed Nov 29 09:32:28 +0000 2017,AmazonHelp,False,"<USER_1> I'm sorry to hear that Greg, did you arrange a specific time for a manager to call you back? Was the email you received sent by a supervisor or by an associate?^MA"
AMZ_0057,83532,83532,,Wed Nov 29 09:19:01 +0000 2017,<USER_1>,True,<USER_1> your customer service is a complete joke! 5 hours no phone call from manager to response to my complaint! Order been cancel by you! No call to confirm it was me that placed it. Now been told to re-order again.... at higher price! I got email confirming the order!!!!!!!!
AMZ_0058,427029,427028,427029,Tue Oct 10 12:49:00 +0000 2017,AmazonHelp,False,<USER_1> Please don’t provide your order details as it is personal information. Our page is visible to the public.2/2^HN
AMZ_0058,427029,427029,,Tue Oct 10 12:46:17 +0000 2017,<USER_1>,True,"Worst experience from <USER_1> on Order# <PHONE_1>-9772366; order not with me even after assured DD of Oct7.
Prime membership is farce!"
AMZ_0058,427029,427030,427029,Tue Oct 10 12:48:40 +0000 2017,AmazonHelp,False,<USER_1> Sorry for the hassle. Please report this to our support team here: https://t.co/vlvfJr4nN9 and we'll check this. ^HN
AMZ_0059,857811,857806,857807,Fri Oct 20 16:52:28 +0000 2017,AmazonHelp,False,<USER_1> We'll not be able to contact you directly from here. Please reach out to our support team from the above link. ^HN
AMZ_0059,857811,857807,857808,Fri Oct 20 16:33:30 +0000 2017,<USER_1>,True,"@AmazonHelp Can't call you anymore.
Just do the refund 
Or call me on <PHONE_1>"
AMZ_0059,857811,857808,857810,Fri Oct 20 08:43:25 +0000 2017,<USER_1>,True,@AmazonHelp I need my cash on my bank account
AMZ_0059,857811,857809,857808,Fri Oct 20 08:50:31 +0000 2017,AmazonHelp,False,<USER_1> I understand your concern with the Amazon pay balance. Call us here: https://t.co/2t6DQoUmNZ and we'll be glad to help you.^SF
AMZ_0059,857811,857810,857811,Fri Oct 20 08:42:26 +0000 2017,AmazonHelp,False,<USER_1> I'm sorry for the trouble. Is there any ongoing concern we can assist you with? ^RW
AMZ_0059,857811,857811,,Fri Oct 20 08:29:13 +0000 2017,<USER_1>,True,"<USER_1> 
WTF. Can't get the refund to the bank account?
What will i do with my Amazon pay balance if am no more interested in amazon."
AMZ_0060,354463,354458,354460,Thu Oct 12 01:19:36 +0000 2017,AmazonHelp,False,<USER_1> Was this order fulfilled by Amazon or a third-party seller? Are you able to initiate a return here: https://t.co/X7NPhgEYgI? ^WT
AMZ_0060,354463,354459,354458,Thu Oct 12 01:22:05 +0000 2017,<USER_1>,True,@AmazonHelp Amazon - I think they have it ready now. Thanks for the assist though!
AMZ_0060,354463,354460,354462,Thu Oct 12 01:11:19 +0000 2017,<USER_1>,True,@AmazonHelp The supervisor called and she's as clueless as everyone else. It's literally a simple return. They're just oblivious.
AMZ_0060,354463,354461,354459,Thu Oct 12 01:34:00 +0000 2017,AmazonHelp,False,"<USER_1> Good to hear! Again, sorry for the long talk time! I hope we can provide a better experience in the future! ^WT"
AMZ_0060,354463,354462,354463,Thu Oct 12 01:07:24 +0000 2017,AmazonHelp,False,<USER_1> I'm sorry to hear this! We want you to have a great experience with us! Is there anything we can assist w/today? Tell us more! ^FR
AMZ_0060,354463,354463,,Thu Oct 12 01:04:21 +0000 2017,<USER_1>,True,"@AmazonHelp On the phone for 45 minutes, couldn't get a supervisor, they said they'd call back soon. Wanna bet? Horrible cust service."
AMZ_0061,2338170,2338167,2338170,Fri Oct 20 06:11:00 +0000 2017,AmazonHelp,False,<USER_1> Sorry to hear. Have you checked a local business or post office? Also have you checked an online fax? ^PK
AMZ_0061,2338170,2338168,2338167,Fri Oct 20 06:12:10 +0000 2017,<USER_1>,True,@AmazonHelp <USER_1> Hello please can you check the dm
AMZ_0061,2338170,2338169,2338167,Fri Oct 20 07:04:17 +0000 2017,<USER_1>,True,"@AmazonHelp nope not a option for me and iam not going to use the SEPA since iDeal is a thing now apperantly,"
AMZ_0061,2338170,2338170,,Fri Oct 20 06:04:50 +0000 2017,<USER_1>,True,@AmazonHelp i need to fax some info fro my account to be unlocked but i can't due to me not having a fax and can't find the req'ed stuff
AMZ_0062,1204899,1204897,1204899,Wed Oct 25 08:41:57 +0000 2017,AmazonHelp,False,"<USER_1> Please don't provide your order details, we consider it to be personal information. Our page is visible to the public. 2/2^AR"
AMZ_0062,1204899,1204898,1204897,Wed Oct 25 08:44:51 +0000 2017,<USER_1>,True,@AmazonHelp Ok
AMZ_0062,1204899,1204899,,Wed Oct 25 08:30:17 +0000 2017,<USER_1>,True,"@AmazonHelp order-<PHONE_1>-9169931 get item but quality was not good,so i want to return but delivery boy call me and deny to take it ."
AMZ_0062,1204899,1204900,1204899,Wed Oct 25 08:41:40 +0000 2017,AmazonHelp,False,<USER_1> I get your concern regarding the return. Kindly report this to our team support here:https://t.co/vlvfJr4nN9 &amp; we'll help.1/2^AR
AMZ_0063,64037,64027,64030,Thu Nov 30 08:16:25 +0000 2017,AmazonHelp,False,"<USER_1> Hi, we would not have access to your account/order details via Twitter. We would have to ask that you use the link provided so we may attempt to get this looked after as soon as possible. Once again, apologies for the inconvenience caused. ^CR"
AMZ_0063,64037,64028,64027,Thu Nov 30 08:23:07 +0000 2017,<USER_1>,True,@AmazonHelp Shallow words of a company that couldn’t give a damn
AMZ_0063,64037,64029,64027,Thu Nov 30 08:41:27 +0000 2017,<USER_1>,True,@AmazonHelp I called your support was put on hold for<USER_1> minutes and was told he would send a strongly worded email to the manager of the agent who organised the call. A lot of use that will do. I’m reporting you for nuisance<USER_1>
AMZ_0063,64037,64030,64031,Thu Nov 30 08:11:14 +0000 2017,<USER_1>,True,@AmazonHelp So you want me to contact the same<USER_1><USER_1> that has got me wanting to never do business with you again. How do you think that’s going to go?
AMZ_0063,64037,64031,64032,Thu Nov 30 08:08:00 +0000 2017,AmazonHelp,False,<USER_1> I am sorry to hear this Peter. Can you please reach out to us using the following link so we can take action on this for you:https://t.co/JzP7hlA23B.^GA
AMZ_0063,64037,64032,64033,Thu Nov 30 08:01:07 +0000 2017,<USER_1>,True,@AmazonHelp Up until now I had been a great advocate for your company. Now I don’t want to have anything to do with you. And I was always told that your support was top notch.
AMZ_0063,64037,64033,64034,Thu Nov 30 07:47:53 +0000 2017,AmazonHelp,False,"<USER_1> Hi Peter, I'm sorry to hear about the calls so early. Did you request a call back via the website or had you emailed us about closing your account? Unfortunately in order to close an account we do need to speak to the account holder for security reason. ^MI"
AMZ_0063,64037,64034,64035,Thu Nov 30 07:41:28 +0000 2017,<USER_1>,True,<USER_1> <USER_1> And this is how amazon deal with a request to close down an account. To bombard you with calls at half six in the morning https://t.co/l9HtnvkW67
AMZ_0063,64037,64035,64036,Wed Nov 29 23:15:34 +0000 2017,<USER_1>,True,<USER_1> Decided to close down my <USER_1> account. Don’t like being treated like shit from a company. Especially when trying to correct their mistake. Goodbye Alexa skills.
AMZ_0063,64037,64036,64037,Wed Nov 29 20:25:37 +0000 2017,<USER_1>,True,"<USER_1> Sorry to hear that, what specifically were you looking for?"
AMZ_0063,64037,64037,,Wed Nov 29 19:20:18 +0000 2017,<USER_1>,True,<USER_1> your companies live chat support is absolutely atrocious. Completely regret being a customer right now.
AMZ_0064,254636,254631,254632,Thu Oct 05 18:22:43 +0000 2017,AmazonHelp,False,<USER_1> You should receive an email from an Account Specialist in the next couple of days w/ further instructions. Keep us posted! ^LB
AMZ_0064,254636,254632,254633,Thu Oct 05 18:20:35 +0000 2017,<USER_1>,True,@AmazonHelp They asked for my phone number and said they would contact me later
AMZ_0064,254636,254633,254634,Thu Oct 05 18:20:00 +0000 2017,AmazonHelp,False,"<USER_1> When reaching out, were we able to offer any information or options on recovering your account? Let us know! ^KJ"
AMZ_0064,254636,254634,254635,Thu Oct 05 18:17:21 +0000 2017,<USER_1>,True,"@AmazonHelp I contacted the support number already, I cannot sign in, the email used to sign in was changed"
AMZ_0064,254636,254635,254636,Thu Oct 05 18:16:00 +0000 2017,AmazonHelp,False,<USER_1> Oh no! Lets see what we can do to help. What issues are you encountering with your account exactly? Can you log in? ^JD
AMZ_0064,254636,254636,,Thu Oct 05 17:51:31 +0000 2017,<USER_1>,True,my amazon account got hacked wtf
AMZ_0065,455498,455496,455498,Thu Nov 30 23:47:31 +0000 2017,AmazonHelp,False,<USER_1> I'm sorry that your experience has been less than stellar! This is definitely not the experience we strive to provide you! We'd love to help you decide though. How can we help? ^TN
AMZ_0065,455498,455497,455496,Sat Dec 02 00:55:30 +0000 2017,<USER_1>,True,"@AmazonHelp You can have a manager, not a supervisor but a manager call me to answer my questions. I'm on my second call, 6th person and quite honestly, I'm about 5 seconds away from bailing on the Echo completely and getting a Sonos."
AMZ_0065,455498,455498,,Thu Nov 30 23:43:59 +0000 2017,<USER_1>,True,"<USER_1> Wow, your Echo Canada staff are poorly trained. Impossible to decide what Echos to buy because your staff are so useless and really just don't seem to give a crap."
AMZ_0065,455498,455499,455497,Sat Dec 02 01:18:25 +0000 2017,AmazonHelp,False,"<USER_1> Hi there, my apologies for the bad experience.  We are unable to access account info. via social media. Answers to most questions can be found here: https://t.co/ifNaR8w3oA If that does not help please give live support another chance https://t.co/Q7Ftz6nj80 ^CH"
AMZ_0065,455498,455500,455499,Sat Dec 02 01:27:01 +0000 2017,<USER_1>,True,"@AmazonHelp Gee thanks for your useless ""help"", Amazon Help. You sure helped me decide to say fuck it to the plan of buying 4 Echoes for my home--obviously my money will be better spent elsewhere. *slow clap*"
AMZ_0066,1773282,1773279,1773282,Wed Nov 08 02:34:47 +0000 2017,AmazonHelp,False,"<USER_1> I'm so sorry for the poor experience. Without giving any account information, can you tell us more about what happened? ^EB"
AMZ_0066,1773282,1773280,1773279,Wed Nov 08 02:39:59 +0000 2017,<USER_1>,True,"@AmazonHelp Obviously regarding an Xbox One X order, however your team has told me that it's a problem with royal mail. I called them and asked if they had any issues in my area. The answer was no, everything is fine."
AMZ_0066,1773282,1773281,1773279,Wed Nov 08 15:40:10 +0000 2017,<USER_1>,True,@AmazonHelp Excellent work in also failing to reply to my response to your question
AMZ_0066,1773282,1773282,,Wed Nov 08 02:30:56 +0000 2017,<USER_1>,True,"<USER_1> you staff have lied to me, failed to get back to me and offered me £6 compensation for my complaint regarding an item worth over £400 thanks"
AMZ_0066,1773282,1773283,1773280,Wed Nov 08 02:40:16 +0000 2017,<USER_1>,True,"@AmazonHelp I contacted support again, I was promised an email for a supervisor, nope, no email. I then get offered 30 days free extension to my Prime, a value of about £6, or to Amazon, totally free."
AMZ_0066,1773282,1773284,1773283,Wed Nov 08 02:41:19 +0000 2017,<USER_1>,True,"@AmazonHelp I am disappointed in how your team has treated me, and this situation. Not only that but a few free prime days is more of an insult than compensation. Also why lie about the situation?"
AMZ_0066,1773282,1773285,1773284,Wed Nov 08 02:42:56 +0000 2017,<USER_1>,True,"@AmazonHelp Your one of the largest grossing companies of all time, this is a really insulting way to treat your customers"
AMZ_0067,2252933,2252932,2252933,Fri Nov 10 20:58:25 +0000 2017,AmazonHelp,False,<USER_1> So sorry about your account! You can reach us via phone here: https://t.co/jzvkhdlrK5 ^LS
AMZ_0067,2252933,2252933,,Fri Nov 10 20:56:28 +0000 2017,<USER_1>,True,Locked out of <USER_1> prime account need a phone number to call @AmazonHelp
AMZ_0068,1850212,1850207,1850208,Wed Oct 18 21:53:35 +0000 2017,AmazonHelp,False,"<USER_1> I'm sorry to hear about the poor experience, Melinda! I've enabled direct messaging below for further details. ^ML https://t.co/1XyLaGkcaN"
AMZ_0068,1850212,1850208,1850209,Wed Oct 18 21:47:08 +0000 2017,<USER_1>,True,"@AmazonHelp I want a manager to call as promised. This is getting ridiculous. If you PM, I can give details"
AMZ_0068,1850212,1850209,1850211,Wed Oct 18 21:36:01 +0000 2017,AmazonHelp,False,<USER_1> Have you tried reaching back out to us? Would you be able to tell us what's going on? We'd like to try and help. ^VS
AMZ_0068,1850212,1850210,1850209,Wed Oct 18 21:45:50 +0000 2017,<USER_1>,True,@AmazonHelp I'm reaching out via twitter because other avenues aren't working. I spoke to rep today and was told I'd get a call. That was the next step.
AMZ_0068,1850212,1850211,1850212,Wed Oct 18 21:33:38 +0000 2017,<USER_1>,True,<USER_1> I was told I'd get a follow up call today from a manager. Nada. So frustrated.
AMZ_0068,1850212,1850212,,Wed Oct 18 12:37:48 +0000 2017,<USER_1>,True,<USER_1> I've tried to work with customer service multiple times. Promises of follow up but no follow up. Close to cancelling prime.
AMZ_0068,1850212,1850213,1850212,Wed Oct 18 12:48:37 +0000 2017,AmazonHelp,False,"<USER_1> Hi, sorry to hear that. Can you tell us a bit more about your issue without sharing any personal or account info? ^JJ"
AMZ_0069,2981620,2981616,2981617,Tue Oct 31 20:59:33 +0000 2017,AmazonHelp,False,"<USER_1> I'm sorry for the poor experience. We'd like to help sort this out, please give us a call here: https://t.co/Q7Ftz6nj80 ^CO"
AMZ_0069,2981620,2981617,2981618,Tue Oct 31 20:54:14 +0000 2017,<USER_1>,True,<USER_1> So I had another order shipped to work. Guaranteed today but they aren't here and it's end of day. Canada Post delivers inside working hrs
AMZ_0069,2981620,2981618,2981619,Tue Oct 31 20:53:17 +0000 2017,<USER_1>,True,<USER_1> They don't leave slips like Canada Post or FedEx does.
AMZ_0069,2981620,2981619,2981620,Tue Oct 31 20:53:01 +0000 2017,<USER_1>,True,<USER_1> I had a courier call me to arrange to pick up my pkg from him since I wasn't home. That's creepy and also inconvenient.
AMZ_0069,2981620,2981620,,Tue Oct 31 20:52:06 +0000 2017,<USER_1>,True,<USER_1> why do you use Intelcom now for Canada? My prime membership is nearly useless to me now
AMZ_0070,2736214,2736211,2736214,Mon Nov 20 20:24:30 +0000 2017,AmazonHelp,False,"<USER_1> This isn't what we like to see! I'm sorry for the frustration, we'd like to look into this with you and explore your available options. When you're free, please reach us directly here: https://t.co/JzP7hlA23B ^DW"
AMZ_0070,2736214,2736212,2736211,Mon Nov 20 20:38:17 +0000 2017,<USER_1>,True,@AmazonHelp They didn’t want to solve - saying that guys I spoke to 1 weeks ago. Name poss ?Reinald? Went above &amp; beyond and would employees to be proud of. Shame it’s inconsistent
AMZ_0070,2736214,2736213,2736211,Mon Nov 20 20:37:11 +0000 2017,<USER_1>,True,@AmazonHelp I spoke to op &amp; supervisor ‘Kimberly’ today and they basically said it’s refund and pay more and prob get wrong item again &amp; no other option! I don’t understand why problem wouldn’t be solved / product honored at original price! .... 1/2
AMZ_0070,2736214,2736214,,Mon Nov 20 20:13:29 +0000 2017,<USER_1>,True,Last week thought <USER_1> were beyond fab after sending incorrect item &amp; raved to everyone - now after they’ve sent it’s 2nd time incorrectly &amp; want me to pay 110% for same item my opinion has nose dived! #Longcon
AMZ_0071,2898930,2898929,2898930,Tue Nov 28 17:20:32 +0000 2017,AmazonHelp,False,"<USER_1> I'm sorry for this inconvenience, Greg. We're unable to access your account via Twitter. Please reach out to us here for further assistance: https://t.co/JzP7hlA23B ^RB"
AMZ_0071,2898930,2898930,,Tue Nov 28 17:16:13 +0000 2017,<USER_1>,True,<USER_1> I order a pc on Friday only to find out you cancel the order. Not told me now the been told re-order and pay more for it. Been waiting hour for Manager to call me. But you took £79.99 for the amazon prime......
AMZ_0072,1102449,1102448,1102449,Mon Oct 23 22:58:02 +0000 2017,<USER_1>,False,<USER_1> Please DM us the details of your concern. Include your tracking and phone number. We're here to help. ^LG https://t.co/wKJHDXWGRQ
AMZ_0072,1102449,1102449,,Mon Oct 23 22:55:06 +0000 2017,<USER_1>,True,"When <USER_1> and <USER_1> say your shit was delivered but there ain't shit there; call up support ""did you check by the front door"" fuck yall"
AMZ_0072,1102449,1102450,1102449,Tue Oct 24 00:06:00 +0000 2017,AmazonHelp,False,<USER_1> I'm sorry the order hasn't been located. What options were we able to offer? Did we ask you to wait for more otpions? ^BE
AMZ_0073,2706722,2706718,2706720,Sun Nov 19 23:52:25 +0000 2017,AmazonHelp,False,<USER_1> I'm sorry to hear the number isn't displaying. Please select the following path: 1. Prime and More &gt; 2. Other non-order questions &gt; Something else 3. Phone ^BH
AMZ_0073,2706722,2706719,2706718,Mon Nov 20 00:20:06 +0000 2017,<USER_1>,True,@AmazonHelp I have done thank you.
AMZ_0073,2706722,2706720,2706721,Sun Nov 19 23:39:43 +0000 2017,<USER_1>,True,@AmazonHelp Ok if I could get a phone number that would be great.the link doesn't give me a number.
AMZ_0073,2706722,2706721,2706722,Sun Nov 19 23:29:40 +0000 2017,AmazonHelp,False,"<USER_1> Oh, no! We definitely want to get to the bottom of this. Please reach out to us via phone or chat so we may look into this: https://t.co/JzP7hlA23B. ^DG"
AMZ_0073,2706722,2706722,,Sun Nov 19 23:14:44 +0000 2017,<USER_1>,True,<USER_1> speeding swinging about driving up people's arses and it says Amazon prime all over his truck He is crazy!! Reg number SH66 NDN
AMZ_0074,2530210,2530207,2530210,Mon Oct 30 10:08:54 +0000 2017,AmazonHelp,False,<USER_1> My apologies. What information was provided when you contacted us? ^DC
AMZ_0074,2530210,2530208,2530207,Mon Oct 30 10:24:51 +0000 2017,<USER_1>,True,@AmazonHelp I did not order from amazon only to have my order cancelled or to get extended prime membership with is rubbish anyway. I just simply want amazon to deliver on the said date in my confirmation and not LIE about attempting delivery.
AMZ_0074,2530210,2530209,2530207,Mon Oct 30 10:22:01 +0000 2017,<USER_1>,True,"@AmazonHelp he told me, he will give me a process Order #<PHONE_1>-7766733 to be delivered today and also give me a refund for it. He only processed the refund. I called this morning to find out the order was cancelled. I did not ask for it to be cancelled."
AMZ_0074,2530210,2530210,,Mon Oct 30 09:55:36 +0000 2017,<USER_1>,True,<USER_1> What type of services does on get with Prime Membership? Absolute Rubbish one. Three separate orders and three fails. Spoke with supervisor who overpromised and yet did nothing. Well done <USER_1>. Sort out your services.
AMZ_0075,474282,474280,474282,Fri Dec 01 10:15:28 +0000 2017,AmazonHelp,False,<USER_1> Let's look into this in real time. Please call or chat with us here: https://t.co/WYgoKlSI5G ^BA
AMZ_0075,474282,474281,474280,Fri Dec 01 10:20:23 +0000 2017,<USER_1>,True,@AmazonHelp Sure!
AMZ_0075,474282,474282,,Fri Dec 01 10:13:34 +0000 2017,<USER_1>,True,"<USER_1> <USER_1> 
Your driver tried to deliver my <USER_1> package ONCE. Now I’m expected to drive and pick it up from some other place? 
Fuck that. I paid for #AmazonPrime and shipping. Deliver it to MY place.
🖕🏻🤯🤬😡😠🖕🏻 https://t.co/F0HwrEiAEM"
AMZ_0075,474282,474283,474282,Fri Dec 01 10:38:29 +0000 2017,<USER_1>,False,"<USER_1> Please DM the tracking number, your address and phone number. I will check the details for you. ^TB https://t.co/wKJHDXWGRQ"
AMZ_0076,1892143,1892140,1892141,Wed Nov 15 00:54:00 +0000 2017,AmazonHelp,False,"<USER_1> I'm so sorry we've let you down; that's
 never our intent! Were you able to talk to a manager and resolve this? if not you can reach out here: https://t.co/l0HLJGWfcV"
AMZ_0076,1892143,1892141,1892142,Wed Nov 15 00:44:19 +0000 2017,<USER_1>,True,"@AmazonHelp Well someone is using my email to make there amazon account without my authorization, when I called your support... they questioned why I was even calling and to just ""deal with it"" 
That's the whole reason I called
So I get a hold of a manager and..."
AMZ_0076,1892143,1892142,1892143,Wed Nov 15 00:28:00 +0000 2017,AmazonHelp,False,"<USER_1> I'm very sorry to hear you have had a poor experience! This is not the serice we strive for! Without providing personal or account details, could you tell us a little more about what's going on? ^HM"
AMZ_0076,1892143,1892143,,Wed Nov 15 00:24:45 +0000 2017,<USER_1>,True,<USER_1> has the WORST customer service over the phone.
AMZ_0077,320599,320596,320599,Sat Oct 07 12:25:28 +0000 2017,AmazonHelp,False,"<USER_1> Hi Angela, sorry to hear that. Please call us on the number found here: https://t.co/jzvkhdlrK5 to escalate this. ^JJ"
AMZ_0077,320599,320597,320596,Sat Oct 07 13:15:00 +0000 2017,<USER_1>,True,@AmazonHelp Also no help getting my order delivered on 10/11 as  promised when I purchased it.
AMZ_0077,320599,320598,320596,Sat Oct 07 13:14:15 +0000 2017,<USER_1>,True,@AmazonHelp Worst service ever. Had to yell to get a manager otherwise would have filled out the same form that I already provided twice
AMZ_0077,320599,320599,,Sat Oct 07 11:47:05 +0000 2017,<USER_1>,True,<USER_1> unlock my Amazon account! Over 24 hours can't get a response from amazon.
AMZ_0078,2712541,2712538,2712541,Mon Nov 20 03:07:41 +0000 2017,AmazonHelp,False,<USER_1> I'm so sorry for the frustration with this order! This is not the experience we wanted you to have. Please reach out to us via phone or chat so we can discuss options: https://t.co/hApLpMlfHN ^DG
AMZ_0078,2712541,2712539,2712538,Mon Nov 20 03:12:43 +0000 2017,<USER_1>,True,@AmazonHelp Single mother and have to work all day Monday and Tuesday.
AMZ_0078,2712541,2712540,2712538,Mon Nov 20 03:11:42 +0000 2017,<USER_1>,True,"@AmazonHelp Already did, was offered a refund. Big Deal! It doesn't change the fact that I have no food for my family on Thanksgiving."
AMZ_0078,2712541,2712541,,Mon Nov 20 03:01:08 +0000 2017,<USER_1>,True,<USER_1> so several months ago cancelled AF when driver was no-show and had nerve to call me at 11pm trying to deliver my food. Rejoined yesterday bc I needed a big Tgiving order. Driver never showed up today! Now no time to buy food bc have 2 work. Tday ruined 4 my family!
AMZ_0079,2382551,2382548,2382551,Tue Nov 14 06:16:00 +0000 2017,AmazonHelp,False,"<USER_1> James, I would suggest reaching out to us via phone so we may provide you with options: https://t.co/hApLpMlfHN"
AMZ_0079,2382551,2382549,2382548,Tue Nov 14 06:29:02 +0000 2017,<USER_1>,True,@AmazonHelp I am becoming increasingly frustrated at the repetition of these form responses. Is this account managed by a real person?
AMZ_0079,2382551,2382550,2382548,Tue Nov 14 06:28:04 +0000 2017,<USER_1>,True,@AmazonHelp As I have explained I have done so and was hung up on once and purposely directed to the wrong departments. What will make the outcome different this time?
AMZ_0079,2382551,2382551,,Tue Nov 14 06:03:07 +0000 2017,<USER_1>,True,@AmazonHelp https://t.co/063ikLamet
AMZ_0080,74317,74313,74314,Thu Nov 30 20:40:31 +0000 2017,AmazonHelp,False,"<USER_1> Oh my! Thank you for keeping us in the loop, Mark! Please let us know if you have further questions or concerns. We're here to help! ^TG"
AMZ_0080,74317,74314,74315,Thu Nov 30 20:28:54 +0000 2017,<USER_1>,True,@AmazonHelp And then it turns up at 20:30. FFS!
AMZ_0080,74317,74315,74316,Thu Nov 30 20:21:08 +0000 2017,<USER_1>,True,@AmazonHelp What a load of rubbish Prime is. Second day of crap service. Ordered Tuesday with ‘Free Next Day Delivery’ . Scheduled for today and surprise surprise it hasn’t arrived!! Bloody useless. Going to cancel “Prime”. https://t.co/YVAeoljwVj
AMZ_0080,74317,74316,74317,Wed Nov 29 18:36:28 +0000 2017,AmazonHelp,False,"<USER_1> I'm sorry for the wait! During the Black Friday / Cyber Monday shopping period, orders may require additional processing time. Some deliveries may take slightly longer as a result. You can find more info here: https://t.co/HDpBxZ2Q9X ^JS"
AMZ_0080,74317,74317,,Wed Nov 29 18:30:36 +0000 2017,<USER_1>,True,"How does this work then <USER_1> ? Prime 1 day delivery, ordered Wednesday, delivery Saturday??? https://t.co/ZDqYdgPqRA"
AMZ_0081,557031,557030,557031,Sat Dec 02 21:25:00 +0000 2017,AmazonHelp,False,"<USER_1> Hi, kannst du die Zahlungsart nicht auswählen oder wurde diese nachträglich abgelehnt? Lieben Gruß ^NW"
AMZ_0081,557031,557031,,Sat Dec 02 21:13:35 +0000 2017,<USER_1>,True,Hey <USER_1> wieso ist der Bankeinzug auf einmal nicht mehr möglich? Funktionierende Bankverbindung ist korrekt im Konto hinterlegt und der Adresse zugeordnet.
AMZ_0081,557031,557032,557031,Sun Dec 03 08:02:58 +0000 2017,<USER_1>,True,"<USER_1> Hallo, Bankverbindung ist hinterlegt, kann ich aber bei der Bestellung nicht auswählen."
AMZ_0081,557031,575374,557032,Sun Dec 03 08:07:26 +0000 2017,AmazonHelp,False,<USER_1> Am besten meldest du dich mal bei unserem Kundenservice: https://t.co/24XL9C4y1x Meine Kollegen haben Einsicht in dein Kundenkonto und können dir behilfilch sein. ^AK
AMZ_0082,1885928,1885926,1885928,Wed Oct 18 11:28:34 +0000 2017,AmazonHelp,False,"<USER_1> Hola Elias, lamentamos el inconveniente. ¿Que solución te brindaron ? ^MB"
AMZ_0082,1885928,1885927,1885926,Wed Oct 18 11:44:21 +0000 2017,<USER_1>,True,@AmazonHelp Me reembolsaron el dinero. Solo eso. Esperé un mes para nada.
AMZ_0082,1885928,1885928,,Wed Oct 18 11:24:56 +0000 2017,<USER_1>,True,Hace un mes compré un libro de <USER_1> y esta madrugada me dicen que el envió entró en contacto con el agua y se dañó.
AMZ_0082,1885928,1885929,1885927,Wed Oct 18 11:55:59 +0000 2017,AmazonHelp,False,"<USER_1> Lamentamos lo sucedido con tu pedido, Elias, recomiendo verificar esta información: https://t.co/O1UR3QM0eR ^AZ"
AMZ_0082,1885928,1885930,1885929,Wed Oct 18 12:20:18 +0000 2017,<USER_1>,True,"@AmazonHelp Gracias, pero no me sirve de nada esta información. Sé lo que ha pasado."
AMZ_0082,1885928,1885931,1885930,Wed Oct 18 12:21:51 +0000 2017,<USER_1>,True,"@AmazonHelp Lo que no entiendo es por qué por tonterías me dan vales de 5 € y ahora, que pasa algo realmente grave, se limitan a decir «lo sentimos»."
AMZ_0082,1885928,1885932,1885931,Wed Oct 18 12:22:36 +0000 2017,<USER_1>,True,"@AmazonHelp ¡Gracias, <USER_1>, por fastidiarme un bienio!"
AMZ_0083,1301248,1301247,1301248,Fri Oct 27 00:06:00 +0000 2017,AmazonHelp,False,<USER_1> I'm sorry about the trouble! Please reach out to us via phone or chat so we can help: https://t.co/hApLpM3Ejd ^JP
AMZ_0083,1301248,1301248,,Thu Oct 26 23:52:48 +0000 2017,<USER_1>,True,<USER_1> could you guys like actually revise my payment bc I’ve done it 4 times and you keeps on saying I haven’t I need my gd case
AMZ_0084,1080329,1080326,1080327,Mon Oct 23 19:49:31 +0000 2017,AmazonHelp,False,<USER_1> Thanks for the titles. I've forwarded this to the concerned team for review. ^HA
AMZ_0084,1080329,1080327,1080328,Mon Oct 23 19:20:27 +0000 2017,<USER_1>,True,@AmazonHelp Blue Eyed Butcher and Jackie Brown. Happend with MI4 too...
AMZ_0084,1080329,1080328,1080329,Mon Oct 23 18:37:35 +0000 2017,AmazonHelp,False,"<USER_1> That's odd, could you please let us know the specific title you are facing the problem with? ^SS"
AMZ_0084,1080329,1080329,,Mon Oct 23 17:54:01 +0000 2017,<USER_1>,True,"<USER_1>  Can't choose subtitles on downloaded videos!! Had to reinstall app. They work fine while streaming!! It sucks!
#AmazonPrime https://t.co/dLURWlf8eU"
AMZ_0085,2678068,2678067,2678068,Sun Nov 19 13:14:55 +0000 2017,AmazonHelp,False,<USER_1> We're sorry to know that you've received a wrong item. You can create a return request here: https://t.co/4o5PqP90vH. ^MO
AMZ_0085,2678068,2678068,,Sun Nov 19 13:01:20 +0000 2017,<USER_1>,True,<USER_1> @AmazonHelp u guys have cheated me you have sent me second hand product that too of a different  company. Contact no.  <PHONE_1>.Please take this crap back and return my money.
AMZ_0086,979606,979605,979606,Sat Oct 14 08:32:56 +0000 2017,AmazonHelp,False,<USER_1> Hi. Sorry to hear about your a/c. Please reach out to us here: https://t.co/zYVX1Qi29G ^PK
AMZ_0086,979606,979606,,Sat Oct 14 08:18:55 +0000 2017,<USER_1>,True,"@AmazonHelp hi there, I’m getting concerned about my account as it’s been hacked again. Twice in 3 weeks. How can I prevent this?"
AMZ_0087,1228670,1228665,1228667,Wed Oct 25 20:24:49 +0000 2017,AmazonHelp,False,<USER_1> Some items may not be avail to ship right away. We aim to deliver by the date provided at checkout. Please keep us posted. ^JM
AMZ_0087,1228670,1228666,1228665,Wed Oct 25 20:27:31 +0000 2017,<USER_1>,True,@AmazonHelp They are in stock. Just another Amazon bait &amp; switch. I'm going to pick 1 day shipping so I get it Monday. Feel free to refund me the $5.99.
AMZ_0087,1228670,1228667,1228668,Wed Oct 25 20:19:55 +0000 2017,<USER_1>,True,@AmazonHelp Two business days=Friday. It says 1 day shipping=Monday. Today is Wednesday. 1-day should arrive tomorrow &amp; 2 day should arrive Friday.
AMZ_0087,1228670,1228668,1228670,Wed Oct 25 20:18:00 +0000 2017,AmazonHelp,False,"<USER_1> Two-Day Shipping refers to transit time, in business days. You can learn more on shipping, here: https://t.co/GJXDyPCYlJ ^AG"
AMZ_0087,1228670,1228669,1228668,Wed Oct 25 20:21:37 +0000 2017,<USER_1>,True,@AmazonHelp And this one says 2 biz days is the 31st when it really is Friday the 27th. #AmazonMath https://t.co/Fsz6ikAQqy
AMZ_0087,1228670,1228670,,Wed Oct 25 20:12:55 +0000 2017,<USER_1>,True,Maybe I'm not the best at math but Amazon Prime 2 day shipping takes 7days? @AmazonHelp https://t.co/XAkKzLLGz1
AMZ_0088,2371368,2371366,2371368,Tue Nov 14 00:30:36 +0000 2017,AmazonHelp,False,"<USER_1> Hello, Eugene. I'm sorry for the trouble you had trying to return an item to us. Is there anything we may do to help? Please let us know, we want to make sure you're taken care of. ^KL"
AMZ_0088,2371368,2371367,2371366,Tue Nov 14 00:37:49 +0000 2017,<USER_1>,True,"@AmazonHelp First they sent a return email to the buyer, who is upset that their gift to us came broken. And then they offered to credit my gift card balance which is either taking a long time, or went to the person who bought us the gift?"
AMZ_0088,2371368,2371368,,Tue Nov 14 00:23:45 +0000 2017,<USER_1>,True,On my 4th support person trying to return an item. Apparently I’ve reach their “Leadership” <USER_1> https://t.co/3Nug1tL5xl
AMZ_0088,2371368,2371369,2371367,Tue Nov 14 00:45:02 +0000 2017,AmazonHelp,False,<USER_1> I completely understand your frustration! Keep us posted on the options that are provided to you so that we can make sure you're taken care of.
AMZ_0088,2371368,2371370,2371369,Tue Nov 14 00:46:30 +0000 2017,<USER_1>,True,@AmazonHelp Is it normal for refunds to take a while to process? How long should I wait until I reach out again?
AMZ_0088,2371368,2371371,2371370,Tue Nov 14 01:03:07 +0000 2017,AmazonHelp,False,"<USER_1> In most cases, once a refund has been submitted, the issuing bank will post it to your account within 3-5 (for pin-less debit cards it's 10) business days. This time frame may vary from one financial institution to another. Hope this helps! ^NN"
AMZ_0088,2371368,2371372,2371371,Tue Nov 14 01:04:04 +0000 2017,<USER_1>,True,"@AmazonHelp This was a promotional credit, do those work in the same way?"
AMZ_0088,2371368,2371373,2371372,Tue Nov 14 01:19:29 +0000 2017,AmazonHelp,False,<USER_1> Promotional credit refunds can take 1-2 business days to process to a gift card. Did you receive an e-mail confirmation regarding the refund? I'd recommend checking spam/junk folders if you're unable to find it. ^EB
AMZ_0088,2371368,2371374,2371373,Tue Nov 14 01:21:40 +0000 2017,<USER_1>,True,"@AmazonHelp I’ll give it a little and check again, seems like a lot of effort just to get something returned"
AMZ_0089,485323,485316,485318,Fri Dec 01 15:19:00 +0000 2017,AmazonHelp,False,<USER_1> Some items will not have the option to be replaced and you'll need to return the set and re-purchase. ^VS
AMZ_0089,485323,485317,485316,Fri Dec 01 15:23:28 +0000 2017,<USER_1>,True,"@AmazonHelp 😭😭😭

This is like if Sylvia Plath wrote stories about cookware and first world problems."
AMZ_0089,485323,485318,485319,Fri Dec 01 15:14:39 +0000 2017,<USER_1>,True,"@AmazonHelp Another rep told me All-Clad handles this all the time. I called All-Clad, only to be told that they don't handle any thing like this and to call Amazon...again."
AMZ_0089,485323,485319,485320,Fri Dec 01 15:13:47 +0000 2017,<USER_1>,True,"@AmazonHelp Under my orders, it says it was sold by Amazon LLC. It appears the only ones in stock are now through 3rd party. I really just needed to exchange an extra pan for the correct one."
AMZ_0089,485323,485320,485322,Fri Dec 01 15:12:58 +0000 2017,<USER_1>,True,"@AmazonHelp Set was missing a pan. I was advised to wait for a return label, return the set, new set would go out before Monday. Then, I was told to return the set and buy it again. Problem is there is a $500 price difference today."
AMZ_0089,485323,485321,485320,Fri Dec 01 15:15:32 +0000 2017,AmazonHelp,False,<USER_1> Oh no! I am sorry for this experience! Contact us here and let's review this and see if there are any options! ^DJ
AMZ_0089,485323,485322,485323,Fri Dec 01 15:10:01 +0000 2017,AmazonHelp,False,"<USER_1> Hi, I am sorry to hear this. We can't view your account details on Twitter. Can you tell us a bit more about what you have been advised when you spoke with Customer Service? Was this item sold by Amazon or a seller?^BZ"
AMZ_0089,485323,485323,,Fri Dec 01 15:03:40 +0000 2017,<USER_1>,True,"@AmazonHelp I've been a loyal prime customer for years. Currently, I'm being given the run-around on the return of a $700 cookware set. I would really appreciate some help, as I'm furious at your customer service."
AMZ_0090,420070,420068,420070,Tue Oct 10 06:22:00 +0000 2017,AmazonHelp,False,<USER_1> I'm sorry for any confusion. Have you reported this to our support team here: https://t.co/2t6DQoUmNZ? ^RW
AMZ_0090,420070,420069,420068,Sat Nov 04 09:53:17 +0000 2017,<USER_1>,True,@AmazonHelp Yes i called lots of time but i got stupid answers each and every time
AMZ_0090,420070,420070,,Tue Oct 10 05:36:47 +0000 2017,<USER_1>,True,<USER_1>  Almst all of my ordrs rtrnd to the seller wthout any dlvry Attmpt. Is this the ethical bsns whr you gv loss to both seller &amp; buyer?
AMZ_0090,420070,420071,420069,Sat Nov 04 10:06:52 +0000 2017,AmazonHelp,False,<USER_1> Sorry if you feel that way. I’d like to help you; please fill this form: https://t.co/beaaDlIL5C and I’ll contact you soon.^SC
AMZ_0090,420070,420072,420071,Sat Nov 04 10:12:10 +0000 2017,<USER_1>,True,@AmazonHelp No Need to provide any help now.  But yes if you can check hw u wrking then pls chck my account and status of my orders.
AMZ_0090,420070,420073,420072,Sat Nov 04 10:28:00 +0000 2017,AmazonHelp,False,<USER_1> Kindly share your details via link mentioned earlier and we'll get in touch with you soon.  ^AK (2/2)
AMZ_0090,420070,420074,420072,Sat Nov 04 10:27:28 +0000 2017,AmazonHelp,False,<USER_1> This being social media platform we don't have access to your account details. ^AK (1/2)
AMZ_0090,420070,420075,420073,Sat Nov 04 10:32:34 +0000 2017,<USER_1>,True,@AmazonHelp Now i dnt have faith in this co.  U can contact me if you have any solution. <PHONE_1> is my contact
AMZ_0090,420070,420076,420075,Sat Nov 04 10:48:00 +0000 2017,AmazonHelp,False,"<USER_1> Please don't provide your details, as we consider it to be personal info. Our Twitter page is visible to the public. ^AM"
AMZ_0090,420070,420077,420075,Sat Nov 04 10:46:00 +0000 2017,AmazonHelp,False,"<USER_1> I'm sorry but unless you send us your details using the link provided above, we'll not be able to take any action. ^AM"
AMZ_0090,420070,420078,420077,Sat Nov 04 10:48:19 +0000 2017,<USER_1>,True,@AmazonHelp No problem Amazon.  I dont need any kind of help.  Keep Cheating People
AMZ_0090,420070,420079,420078,Sat Nov 04 10:57:00 +0000 2017,AmazonHelp,False,<USER_1> any further insight into the issue. Appreciate your understanding. (2/2) ^KA
AMZ_0090,420070,420080,420078,Sat Nov 04 10:57:00 +0000 2017,AmazonHelp,False,<USER_1> Sorry for the disappointment. Unless you reach out to us using the link provided earlier we won't be able to offer (1/2) ^KA
AMZ_0090,420070,420081,420080,Sat Nov 04 10:59:12 +0000 2017,<USER_1>,True,@AmazonHelp Not at All Sir.  Lots of other marketplace we have
AMZ_0091,2762715,2762711,2762713,Tue Nov 21 07:47:00 +0000 2017,AmazonHelp,False,<USER_1> That is strange Jake. Have you tried refreshing the page? Also what browser are you currently using? ^SM
AMZ_0091,2762715,2762712,2762711,Tue Nov 21 07:48:27 +0000 2017,<USER_1>,True,@AmazonHelp Chrome and yes I've refreshed twice now.
AMZ_0091,2762715,2762713,2762715,Tue Nov 21 07:41:08 +0000 2017,<USER_1>,True,<USER_1> It's been idling on this shit for 30 fucking minutes. https://t.co/yyACfJipfc
AMZ_0091,2762715,2762714,2762712,Tue Nov 21 08:00:00 +0000 2017,AmazonHelp,False,"<USER_1> Hi, can you try using a different browser ? Very sorry for the inconvenience this is causing. ^CR"
AMZ_0091,2762715,2762715,,Tue Nov 21 07:37:03 +0000 2017,<USER_1>,True,I'm trying to send a gift to someone on <USER_1> but the gift message won't move onto the next step. I need to get to sleep dammit.
AMZ_0092,259357,259348,259351,Thu Oct 05 20:42:43 +0000 2017,AmazonHelp,False,<USER_1> ¿Nos indicarías si tu pedido ha sido gestionado por Amazon o un vendedor en nuestra página? ^JQ
AMZ_0092,259357,259349,259348,Thu Oct 05 20:45:23 +0000 2017,<USER_1>,True,@AmazonHelp uno de ellos por un vendedor y otro por vosotros.
AMZ_0092,259357,259350,259348,Thu Oct 05 20:46:13 +0000 2017,<USER_1>,True,@AmazonHelp Y para colmo si quiero volver a pedir esos productos han subido de precio.. de verdad que fatal esta mensajería. Espero que pongais solucion
AMZ_0092,259357,259351,259354,Thu Oct 05 20:38:45 +0000 2017,<USER_1>,True,"@AmazonHelp <USER_1> que me los entreguen hoy, y hoy solo me ha llegado 1/2 y encima en pésimo estado. INADMISIBLE, 4 dias de retraso solo 1/2 paquete y mal."
AMZ_0092,259357,259352,259349,Thu Oct 05 20:47:00 +0000 2017,AmazonHelp,False,<USER_1> ¿Qué se te ha indicado en nuestro Soporte al Cliente? ^JQ
AMZ_0092,259357,259353,259352,Thu Oct 05 20:48:07 +0000 2017,<USER_1>,True,"@AmazonHelp que cómo yo había rechazado el pedido (que NO es verdad, ni han timbrado en casa para decir eso en mi nombre) tenia que esperar al reembolso"
AMZ_0092,259357,259354,259357,Thu Oct 05 20:33:00 +0000 2017,AmazonHelp,False,"<USER_1> Hola Sergi, ¿tienes algún pedido pendiente de entrega con <USER_1>? ^LG"
AMZ_0092,259357,259355,259354,Thu Oct 05 20:37:09 +0000 2017,<USER_1>,True,"@AmazonHelp <USER_1> el 2 de octubre debieron llegarme 2 de <USER_1> y no llegaron, esperé al 4 y tampoco, y el 5 me dicen que YO rechazé el pedido 1/3"
AMZ_0092,259357,259356,259354,Thu Oct 05 20:37:53 +0000 2017,<USER_1>,True,"@AmazonHelp <USER_1> Cuando ni si quiera aparecieron en casa, luego hablo con vosotros y no me dais ninguna solución. Hablo con <USER_1> y consigo 2/3"
AMZ_0092,259357,259357,,Thu Oct 05 20:29:47 +0000 2017,<USER_1>,True,<USER_1> Pésimo servicio de atención al cliente y paquetes. #nomaspaquetesde <USER_1> <USER_1>
AMZ_0093,1118029,1118027,1118029,Tue Oct 24 04:52:00 +0000 2017,AmazonHelp,False,<USER_1> Kindly connect with our team here: https://t.co/HQhpS2qeEd. We'll look into it. ^PS
AMZ_0093,1118029,1118028,1118027,Tue Oct 24 09:57:08 +0000 2017,<USER_1>,True,@AmazonHelp Done
AMZ_0093,1118029,1118029,,Tue Oct 24 04:38:07 +0000 2017,<USER_1>,True,<USER_1> would like to change the delivery address. The shipment has been dispatched in morning. Pls help
AMZ_0094,881039,881038,881039,Fri Oct 13 16:45:28 +0000 2017,AmazonHelp,False,"<USER_1> We're always looking for ways to improve! If you'd like, you can leave your feedback with us here: https://t.co/fxgZ6hTrFA ^KP"
AMZ_0094,881039,881039,,Fri Oct 13 16:26:20 +0000 2017,<USER_1>,True,Amazon always be putting small boxes in huge boxes wtf https://t.co/G3UlR5JXbE
AMZ_0095,1642244,1642242,1642244,Tue Oct 17 13:29:33 +0000 2017,AmazonHelp,False,"<USER_1> I'm sorry, what you're likely seeing is an authorisation. Here's more info about £1.00 charges: https://t.co/NSVyyfnVl9 ^AN"
AMZ_0095,1642244,1642243,1642242,Tue Oct 17 14:36:41 +0000 2017,<USER_1>,True,"@AmazonHelp Hi, thanks. But these cards have all been used lots previously, I’ve had them saved on my account for ages now! So why would amazon Re-auth?"
AMZ_0095,1642244,1642244,,Tue Oct 17 13:28:03 +0000 2017,<USER_1>,True,<USER_1> 2) history. My brother has the same charge on his Halifax account. Is there an issue with your system? What are these charges?
AMZ_0096,2192489,2192485,2192487,Thu Nov 09 20:36:25 +0000 2017,AmazonHelp,False,<USER_1> Have you tried linking your Twitch account using a different device/browser? You may also want to try clearing your browser data before attempting this again. ^BA
AMZ_0096,2192489,2192486,2192485,Thu Nov 09 20:38:23 +0000 2017,<USER_1>,True,@AmazonHelp Ok i will try. Thanks.
AMZ_0096,2192489,2192487,2192488,Thu Nov 09 20:16:11 +0000 2017,<USER_1>,True,@AmazonHelp no i can't connect. i'm sick of this.
AMZ_0096,2192489,2192488,2192489,Thu Nov 09 20:02:28 +0000 2017,AmazonHelp,False,"<USER_1> I'm very sorry for any difficulties. Just to confirm, do you meet the eligibility requirements listed here: https://t.co/P81GvgOjyT We'd be happy to help! ^SK"
AMZ_0096,2192489,2192489,,Thu Nov 09 19:57:58 +0000 2017,<USER_1>,True,"@AmazonHelp I'm already prime member but (Oh no! We can’t enable Twitch Prime on your account.
There was an error. Please try again in a moment.) this error. Have can i connect my account?"
AMZ_0097,162031,162029,162031,Fri Nov 24 19:06:00 +0000 2017,AmazonHelp,False,<USER_1> I'm sorry to hear you've had a negative experience with us! Are you currently waiting on an outstanding order? ^JS
AMZ_0097,162031,162030,162029,Fri Nov 24 19:11:49 +0000 2017,<USER_1>,True,@AmazonHelp Yep. This isn't the first time your delivery team have decided to do their own thing and make up their own time tables as well.
AMZ_0097,162031,162031,,Fri Nov 24 19:04:34 +0000 2017,<USER_1>,True,"Hey <USER_1> if you could actually deliver the day you say you will that would be amazing. Actually have no idea why I bother paying for prime at this point.

Start using reliable couriers!"
AMZ_0097,162031,162032,162030,Fri Nov 24 19:15:32 +0000 2017,AmazonHelp,False,<USER_1> Has the tracking updated to give a new expected delivery date? https://t.co/aaDyEz1VgE ^RO
AMZ_0097,162031,162033,162032,Fri Nov 24 19:18:09 +0000 2017,<USER_1>,True,"@AmazonHelp It's listed as still out for delivery but you and I both know it isn't arriving any time soon to a registered business address. If it ain't delivered in the 8 and a half hours I was there, it isn't coming today."
AMZ_0098,2787697,2787693,2787694,Tue Nov 21 19:21:26 +0000 2017,AmazonHelp,False,<USER_1> I've replied to your DM. Thanks! ^ST
AMZ_0098,2787697,2787694,2787695,Tue Nov 21 19:17:10 +0000 2017,<USER_1>,True,"@AmazonHelp Sent the DM, it includes a picture with the order number and what's happening"
AMZ_0098,2787697,2787695,2787697,Tue Nov 21 19:10:00 +0000 2017,AmazonHelp,False,"<USER_1> Truly sorry for the wait, we're here to help! With Twitter, we have no access to any account or order information. What does the tracking currently display? Check here: https://t.co/aaDyEz1VgE and please let us know! ^JE"
AMZ_0098,2787697,2787696,2787695,Tue Nov 21 19:12:48 +0000 2017,<USER_1>,True,@AmazonHelp I'll send you guys a DM!
AMZ_0098,2787697,2787697,,Tue Nov 21 19:06:30 +0000 2017,<USER_1>,True,@AmazonHelp hey so my mum ordered my birthday present for today and the email says it's tried to be delivered twice but no one has even knocked on the door so we're quite angry
AMZ_0099,53492,53491,53492,Wed Nov 01 18:59:00 +0000 2017,AmazonHelp,False,"<USER_1> Sorry about your gift, Daniel! A specialist from my team would like to reach out: https://t.co/KgRu93uPET ^JZ"
AMZ_0099,53492,53492,,Wed Nov 01 18:44:39 +0000 2017,<USER_1>,True,@AmazonHelp Your company canceled an order for a child’s bday present that was to arrive 10/31 - no one called and support not helping
AMZ_0100,1263983,1263981,1263983,Thu Oct 26 11:50:31 +0000 2017,AmazonHelp,False,<USER_1> I'm sorry about the hassle. Please drop in your details here: https://t.co/GIJyeY99fq. We’ll sort this for you.  ^SB
AMZ_0100,1263983,1263982,1263981,Fri Oct 27 14:13:27 +0000 2017,<USER_1>,True,@AmazonHelp Filled the form yesterday. Got promised response within 12 hours. Nothing so far!
AMZ_0100,1263983,1263983,,Thu Oct 26 11:25:11 +0000 2017,<USER_1>,True,@AmazonHelp Your customer care center in India asks for phone number and then does nothing. You sold me a product at more that MRP
AMZ_0100,1263983,1263984,1263982,Fri Oct 27 14:44:51 +0000 2017,AmazonHelp,False,<USER_1> Please be assured we're working on it and will get back to you at the earliest. ^PB
AMZ_0101,2153996,2153993,2153996,Mon Nov 20 16:25:15 +0000 2017,AmazonHelp,False,"<USER_1> I am very sorry to hear this. Can I ask, is there any obstruction for the driver to deliver your order? Is there security access to your address? Can I ask what carrier attempted this delivery please, you can find this info here: https://t.co/aaDyEz1VgE. ^GA"
AMZ_0101,2153996,2153994,2153993,Mon Nov 20 16:41:01 +0000 2017,<USER_1>,True,@AmazonHelp to do was ring the doorbell to my apartment using the keypad that is by the front door. As is the same with any apartment building (2/2).
AMZ_0101,2153996,2153995,2153993,Mon Nov 20 16:40:50 +0000 2017,<USER_1>,True,@AmazonHelp It doesn't say who the carrier is but I've had 5 parcels delivered from amazon in recent weeks with no problem at all. There are no obstructions to prevent the driver from delivering my order. There is no security code access required either. As I said all the driver needed (1/2)
AMZ_0101,2153996,2153996,,Mon Nov 20 16:15:24 +0000 2017,<USER_1>,True,@AmazonHelp Useless delivery drivers - waited all day for a parcel to be delivered only to receive an email saying that they attempted delivery but couldn't gain security access. All they had to do was ring the doorbell! But they obviously couldn't be bothered.
AMZ_0101,2153996,2153997,2153994,Mon Nov 20 16:47:34 +0000 2017,AmazonHelp,False,<USER_1> We'd be happy to take a closer look into available options with you here: https://t.co/JzP7hlA23B ^NC
AMZ_0102,1519123,1519120,1519123,Fri Nov 03 19:34:05 +0000 2017,AmazonHelp,False,"<USER_1> As long as the content is available at sign up, it'll get delivered to your game. More here: https://t.co/sGTnVwyOom ^DW"
AMZ_0102,1519123,1519121,1519120,Fri Nov 03 23:21:59 +0000 2017,<USER_1>,True,@AmazonHelp I got charged for 11.65 as well right after I changed payment
AMZ_0102,1519123,1519122,1519120,Fri Nov 03 23:21:40 +0000 2017,<USER_1>,True,@AmazonHelp Just updated my payment information on Amazon prime and it says my account is still in suosneion. And no card for Madden for this week
AMZ_0102,1519123,1519123,,Fri Nov 03 19:29:11 +0000 2017,<USER_1>,True,<USER_1> I had Amazon prime and was receiving free players on Madden 18. My account didn't have money it so it didn't get charged this week. If I update care information will it give me this week's giveway card still?
AMZ_0102,1519123,1519124,1519121,Fri Nov 03 23:41:53 +0000 2017,AmazonHelp,False,<USER_1> We'd like to take a closer look at this. Please reach out to us here: https://t.co/hApLpMlfHN ^LJ
AMZ_0102,1519123,1519125,1519122,Fri Nov 03 23:30:34 +0000 2017,AmazonHelp,False,<USER_1> That is interesting! We would like to look into this in real-time. Please contact us here: https://t.co/hApLpMlfHN ^LS
AMZ_0103,740975,740972,740975,Wed Oct 11 13:47:11 +0000 2017,AmazonHelp,False,<USER_1> I'd like a member of our Social Media team to look into this further. Please provide your info: https://t.co/JqaSceU5Sj ^ZW
AMZ_0103,740975,740973,740972,Wed Oct 11 13:51:56 +0000 2017,<USER_1>,True,@AmazonHelp Ok replied. Had awful experience today and still no tablet and now £300 out my account
AMZ_0103,740975,740974,740972,Wed Oct 11 14:10:28 +0000 2017,<USER_1>,True,@AmazonHelp Well there's another kindle on way tomorrow. This one better not be flagged by system because Ur refunding the money!!
AMZ_0103,740975,740975,,Wed Oct 11 13:36:19 +0000 2017,<USER_1>,True,"<USER_1> 3 hours, 6 CS reps later and I get told I've got to pay for it a 2nd time as they messed up the delivery! Incompetent much!"
AMZ_0104,777246,777243,777246,Thu Oct 12 03:32:00 +0000 2017,AmazonHelp,False,<USER_1> I'm very sorry for the issues with your account. Have you received an e-mail from our Account Specialist regarding this? ^CL
AMZ_0104,777246,777244,777243,Thu Oct 12 03:34:27 +0000 2017,<USER_1>,True,"@AmazonHelp I had my account locked on previous order and provided address and had my account open, this order again same thing."
AMZ_0104,777246,777245,777243,Thu Oct 12 03:33:55 +0000 2017,<USER_1>,True,@AmazonHelp yes and i replied to them like i did yesterday. I cant have my money stuck in your balance and having me locked.
AMZ_0104,777246,777246,,Thu Oct 12 03:28:23 +0000 2017,<USER_1>,True,"@AmazonHelp I had my account locked yesterday and provided the info and got it open. Again, my account is locked"
AMZ_0105,138901,138900,138901,Fri Nov 24 11:12:00 +0000 2017,AmazonHelp,False,"<USER_1> I'm sorry your order has been canceled. Canceled orders are followed by an email with the reason of cancellation. Also, please check for a quantity limit on the product details page as well. ^AP"
AMZ_0105,138901,138901,,Fri Nov 24 11:09:43 +0000 2017,<USER_1>,True,<USER_1> damn my phone order got cancelled. Why can’t I book 2 phones?
AMZ_0105,138901,138902,138901,Fri Nov 24 11:16:53 +0000 2017,<USER_1>,True,<USER_1> I never knew there was a cap. What if I wanna buy one for me &amp; another to my wife?
AMZ_0105,138901,139932,139934,Fri Nov 24 11:42:00 +0000 2017,AmazonHelp,False,"<USER_1> No problem, Raja. We are glad to assist you. ^VH"
AMZ_0105,138901,139933,139932,Fri Nov 24 12:23:16 +0000 2017,<USER_1>,True,@AmazonHelp tell me if I’d still get offers on credit cards though I use different accounts to purchase a product? E.g. oneplus 5T
AMZ_0105,138901,139934,139938,Fri Nov 24 11:27:17 +0000 2017,<USER_1>,True,@AmazonHelp got it. Thanks for your response.
AMZ_0105,138901,139935,139933,Fri Nov 24 12:41:54 +0000 2017,AmazonHelp,False,"<USER_1> You'd certainly be eligible for the promotions. However, for better understanding of the offers kindly reach out to our support team here: https://t.co/vlvfJr4nN9 &amp; we'll help you with the information. ^EM"
AMZ_0105,138901,139936,139935,Fri Nov 24 17:28:21 +0000 2017,<USER_1>,True,@AmazonHelp thank you team
AMZ_0105,138901,139937,139936,Fri Nov 24 17:41:30 +0000 2017,AmazonHelp,False,<USER_1> You're most welcome! ^CB
AMZ_0105,138901,139938,138902,Fri Nov 24 11:26:00 +0000 2017,AmazonHelp,False,<USER_1> You wife may create an Amazon account and buy the phone using here account. Do let us know for any further query. ^AM
AMZ_0106,235117,235116,235117,Thu Oct 05 13:42:25 +0000 2017,AmazonHelp,False,"<USER_1> Sorry for the delay in delivery, Mandeep. Do report this to our support team here: https://t.co/vlvfJr4nN9 ^JC"
AMZ_0106,235117,235117,,Thu Oct 05 13:23:43 +0000 2017,<USER_1>,True,<USER_1> what is benefit of purchasing prime membership when orders dont get delivered on time? Order # <PHONE_1>-5978766
AMZ_0106,235117,235118,235117,Thu Oct 05 13:46:27 +0000 2017,AmazonHelp,False,<USER_1> Please don’t provide your order details as we consider them to be personal info. Our Twitter page is visible to public. ^JC
AMZ_0107,2378931,2378929,2378931,Tue Nov 14 04:38:26 +0000 2017,AmazonHelp,False,<USER_1> We don't have access to your Amazon account via twitter and for security reasons we ask not to share account details. What's the delivery date we provided in your order confirmation e-mail: https://t.co/XmhQvq5Lu5? Have we missed this? ^CL
AMZ_0107,2378931,2378930,2378929,Tue Nov 14 04:52:18 +0000 2017,<USER_1>,True,"@AmazonHelp delivery date in original email was november 3, 2017"
AMZ_0107,2378931,2378931,,Tue Nov 14 04:34:39 +0000 2017,<USER_1>,True,"@AmazonHelp my order <PHONE_1>-0621022 still has not been delivered. <USER_1> is unable to deliver to my address in australia. The packages has been sitting in their warehouse in my city for 12 days, and nobody has even bothered to call me. Please don't use UPS to ship to Australia"
AMZ_0107,2378931,2378932,2378930,Tue Nov 14 05:00:00 +0000 2017,AmazonHelp,False,"<USER_1> I'm so sorry the order is late. We want to help if we can. Just to confirm, did you place your order on https://t.co/nUUp5MLhYl, Amazon.uk, or another website? ^JN"
AMZ_0107,2378931,2378933,2378932,Tue Nov 14 05:00:35 +0000 2017,<USER_1>,True,@AmazonHelp https://t.co/kVnp5poPPe
AMZ_0107,2378931,2378934,2378933,Tue Nov 14 05:05:31 +0000 2017,AmazonHelp,False,"<USER_1> Barry, since there is an issue with the carrier delivering the package, please reach out to us here: https://t.co/hApLpMlfHN so we can provide additional options to get you your package.  ^SY"
AMZ_0107,2378931,2378935,2378934,Tue Nov 14 05:07:06 +0000 2017,<USER_1>,True,"@AmazonHelp Thanks I will contact them. In the meantime, this is a recurring problem with <USER_1> and australia. I suggest you not use UPS for australia in the future... (DHL and Aussie Post don't have this issue)"
AMZ_0108,2885710,2885706,2885708,Tue Nov 28 11:56:55 +0000 2017,AmazonHelp,False,<USER_1> You'll need to manually download the music onto your new phone.^PJ
AMZ_0108,2885710,2885707,2885706,Tue Nov 28 16:52:01 +0000 2017,<USER_1>,True,@AmazonHelp :( shame
AMZ_0108,2885710,2885708,2885709,Tue Nov 28 11:43:56 +0000 2017,<USER_1>,True,@AmazonHelp Unlimited
AMZ_0108,2885710,2885709,2885710,Tue Nov 28 11:43:25 +0000 2017,AmazonHelp,False,"<USER_1> Thanks for reaching out! Just to clarify, do you have the Prime Music or Amazon Music Unlimited services added to your account? ^TH"
AMZ_0108,2885710,2885710,,Tue Nov 28 11:18:13 +0000 2017,<USER_1>,True,<USER_1> I am switching from my iPhone to a Samsung s8 soon. How do I transfer all my music across from one device to another? Or do I just have to manually download everything again? Thanks!
AMZ_0109,231500,231491,231494,Thu Oct 05 10:40:00 +0000 2017,AmazonHelp,False,"<USER_1> Hi Will, sorry for the delay. I can see that your details are still in the Social Media queue. ^JJ"
AMZ_0109,231500,231492,231491,Thu Oct 05 21:28:57 +0000 2017,<USER_1>,True,"@AmazonHelp The driver didn't even turn up this time. Just sent a message saying ""attempted delivery"", but unable to deliver."
AMZ_0109,231500,231493,231491,Thu Oct 05 21:27:01 +0000 2017,<USER_1>,True,"@AmazonHelp After another ""attempted delivery"" &amp; over 2hrs on phone. I finally drove to the depot and collected it myself. Un-f@<USER_1>-beliveable service"
AMZ_0109,231500,231494,231495,Thu Oct 05 10:27:06 +0000 2017,<USER_1>,True,@AmazonHelp Any chance of the phone call from the supervisor that I was promised last night on my call to you?
AMZ_0109,231500,231495,231496,Wed Oct 04 21:12:27 +0000 2017,AmazonHelp,False,<USER_1> I can confirm that we've received your details. We'll need time to research this and then we'll be in contact. ^RA
AMZ_0109,231500,231496,231497,Wed Oct 04 21:08:54 +0000 2017,<USER_1>,True,@AmazonHelp I have sent this and details to you.
AMZ_0109,231500,231497,231498,Wed Oct 04 20:55:00 +0000 2017,AmazonHelp,False,<USER_1> I'd like a member of our team to review this for you. Please provide your order details here: https://t.co/j3QzSIzk1b ^RA
AMZ_0109,231500,231498,231499,Wed Oct 04 20:52:52 +0000 2017,<USER_1>,True,@AmazonHelp I've spoken to your customer support 3 times today about this. I saw the delivery driver on cctv not even attempting to deliver my parcel.
AMZ_0109,231500,231499,231500,Wed Oct 04 20:47:00 +0000 2017,AmazonHelp,False,"<USER_1> I'm sorry for the delivery issues! We'd like to look into this, if you'd please contact us here: https://t.co/JzP7hlA23B ^WT"
AMZ_0109,231500,231500,,Wed Oct 04 20:42:02 +0000 2017,<USER_1>,True,"Absolutely disgusted with <USER_1> delivery driver. Didn't even come to my door, but ""an attempt was made"" I need this item for tomorrow!"
AMZ_0110,2896027,2896026,2896027,Tue Nov 28 16:21:00 +0000 2017,AmazonHelp,False,"<USER_1> Sorry to hear you're having issues, Ed. We're here to help! You can get in touch with us here: https://t.co/JzP7hlA23B ^RB"
AMZ_0110,2896027,2896027,,Tue Nov 28 16:17:52 +0000 2017,<USER_1>,True,"@AmazonHelp I'm having issues with Amazon Music, your website isn't helping. Can I talk to a real person please?"
AMZ_0111,1211138,1211137,1211138,Wed Oct 25 12:06:19 +0000 2017,AmazonHelp,False,"<USER_1> here: https://t.co/vlvfJr4nN9. Also, you can refuse the package at the time of delivery. 2/2 ^SB"
AMZ_0111,1211138,1211138,,Wed Oct 25 11:56:37 +0000 2017,<USER_1>,True,<USER_1> Due to some problem need to cancel order no <PHONE_1>-2709951. Kindly cancel and refund.
AMZ_0111,1211138,1211139,1211138,Wed Oct 25 12:05:42 +0000 2017,AmazonHelp,False,"<USER_1> Once an order is dispatched we wouldn't be able to cancel the same. However, you may contact our support team 1/2 ^SB"
AMZ_0112,787135,787133,787135,Thu Oct 12 10:13:00 +0000 2017,AmazonHelp,False,"<USER_1> Oh no! Sorry to hear about this. W/o posting personal info, can you elaborate on what happened? We'd like to help. ^PK"
AMZ_0112,787135,787134,787133,Thu Oct 12 10:20:09 +0000 2017,<USER_1>,True,"@AmazonHelp Ordered Snesclassic yesterday. Deliver 8-10am today. Says delivered. Nowhere to be seen. Speak to CS on the phone, offered refund (1 of 2)"
AMZ_0112,787135,787135,,Thu Oct 12 10:01:44 +0000 2017,<USER_1>,True,"first time using <USER_1>, possibly the worst customer experience I've encountered. STAY AWAY - doesn't work. #wasteoftime"
AMZ_0112,787135,787136,787134,Thu Oct 12 10:32:00 +0000 2017,AmazonHelp,False,"<USER_1> As we're unable to view your account via Twitter, pls contact here again:https://t.co/JzP7hlA23B so we can look into this.^KM"
AMZ_0112,787135,787137,787134,Thu Oct 12 10:22:13 +0000 2017,<USER_1>,True,"@AmazonHelp Not acceptable - product hard to find.  20 mins of chat / holding, ask CS to spk to driver, say they'll call back in 5, that was 30min ago."
AMZ_0112,787135,787138,787137,Thu Oct 12 10:22:48 +0000 2017,<USER_1>,True,@AmazonHelp Oh and now you don't have any further stock of the product either. #cheers
AMZ_0112,787135,787139,787137,Thu Oct 12 10:30:32 +0000 2017,AmazonHelp,False,<USER_1> Sorry to hear of your order. Is there any information on the delay? ^MC
AMZ_0113,2356848,2356847,2356848,Mon Nov 13 19:37:31 +0000 2017,AmazonHelp,False,<USER_1> More information on how to apply for the Amazon Rewards Visa Signature Card is available here: https://t.co/08DaS1F1Oh More information on how to apply for the https://t.co/nUUp5MLhYl Store Card is available here: https://t.co/lKz2RJrbeO Hope this helps! ^SK
AMZ_0113,2356848,2356848,,Mon Nov 13 19:30:23 +0000 2017,<USER_1>,True,"<USER_1> hello, i really want the amazon prime credit card, thank you."
AMZ_0114,115903,115884,115885,Thu Nov 23 21:45:00 +0000 2017,AmazonHelp,False,<USER_1> Our team would like a chance to address this concern. Please include your details here: https://t.co/VByGxxuwng ^SJ
AMZ_0114,115903,115885,115886,Thu Nov 23 21:34:26 +0000 2017,<USER_1>,True,"@AmazonHelp I expect some significant compensation for the distress and time i'm wasting on this.  Your couriers are commiting crimes and you're customer services are making excuses for them, this is not acceptable..."
AMZ_0114,115903,115886,115890,Thu Nov 23 19:17:04 +0000 2017,AmazonHelp,False,"<USER_1> I'm sorry you have not received your order, did you get a chance to fill out the form in the previous post, for us to contact you? 

-RD"
AMZ_0114,115903,115887,115886,Thu Nov 23 21:32:49 +0000 2017,<USER_1>,True,"@AmazonHelp Your customer service is being useless, how do i escalate my issue?  i'm being fobbed off with excuses of misplaced parcels or accidentally scanned as delivered and i will receive the parcel tomorrow, i've already been around this useless cycle"
AMZ_0114,115903,115888,115886,Fri Nov 24 07:57:15 +0000 2017,<USER_1>,True,"@AmazonHelp Thank you for stealing my money, I am now £200 out of pocket because your courier has stolen my parcel, and you are not doing anything about than wasting my time!!! #conartists <USER_1>"
AMZ_0114,115903,115889,115886,Fri Nov 24 07:55:54 +0000 2017,<USER_1>,True,"@AmazonHelp Absolutely useless, I just received an email from your customer service manager Kishor N after spe ding hours yesterday evening getting this issue looked at. His response 'the courier is saying they delivered the parcel to the correct address' #WASTEOFTIME"
AMZ_0114,115903,115890,115891,Thu Nov 23 19:10:07 +0000 2017,<USER_1>,True,@AmazonHelp How ma you chances will it take? Parcels have clearly been going 'missing' and nothing has changed. My parcel that was 'delivered' previously is still no where to be seen even though I've been assured that it's just an oversight and it will definitely be delivered... #emptywords
AMZ_0114,115903,115891,115892,Thu Nov 23 18:04:00 +0000 2017,AmazonHelp,False,"<USER_1> I'm sorry for the frustration! We'd like another chance to look into this with you. When you have a moment, please contact us by phone or chat here: https://t.co/qy3J24VGxb ^AC"
AMZ_0114,115903,115892,115893,Thu Nov 23 17:59:54 +0000 2017,<USER_1>,True,@AmazonHelp Another day another two parcels 'delivered' as far as I'm concerned they were stolen this time a Fire HD 10 tablet and case. As of now I'll no longer be buying from you until this is gotten to the bottom off. #theft #farce #shouldiphonethepolice
AMZ_0114,115903,115893,115894,Wed Nov 22 08:41:00 +0000 2017,AmazonHelp,False,"<USER_1> Hey Sandeep, please do keep us informed if you have any issues in the future. ^PJ"
AMZ_0114,115903,115894,115895,Wed Nov 22 08:30:00 +0000 2017,<USER_1>,True,@AmazonHelp I'm sure you are apologetic but I've still paid for a service which I'm not receiving...
AMZ_0114,115903,115895,115896,Wed Nov 22 08:28:27 +0000 2017,AmazonHelp,False,<USER_1> Thanks for the update Sandeep. Apologies again for the poor experience. ^TP
AMZ_0114,115903,115896,115897,Wed Nov 22 08:21:48 +0000 2017,<USER_1>,True,"@AmazonHelp The latest package I have not yet, been told it might come today and been given a refund as well. Although seems unfair that the seller should be impacted. Previous package did arrive early next morning after I had complained to. Customer services..."
AMZ_0114,115903,115897,115898,Wed Nov 22 08:20:27 +0000 2017,AmazonHelp,False,"<USER_1> Hi Sandeep, we would be getting those issues raised with Amazon Logistics if we have escalated it internally. Have you received your package since then? ^PJ"
AMZ_0114,115903,115898,115899,Wed Nov 22 08:12:50 +0000 2017,<USER_1>,True,@AmazonHelp In the latest incident I've been advised that the parcel had been 'accidentally' scanned as delivered and that it has been escalated with the delivery company. Previous time I was told it was being escaped as they had marked it as 'attempted delivery' when no one had been.
AMZ_0114,115903,115899,115901,Wed Nov 22 08:10:30 +0000 2017,AmazonHelp,False,"<USER_1> Hi Sandeep, sorry to hear that. Can I ask what you were advised when you spoke with us about this? ^TI"
AMZ_0114,115903,115900,115899,Wed Nov 22 08:13:50 +0000 2017,<USER_1>,True,@AmazonHelp Both times it's always been late at night around 10:30pm tracking has shown the parcel as out for delivery since the early afternoon
AMZ_0114,115903,115901,115902,Wed Nov 22 08:03:04 +0000 2017,<USER_1>,True,"@AmazonHelp I have contacted your Customer Services, the issue is with Amazon Logistics and it's becoming a regular pattern now..."
AMZ_0114,115903,115902,115903,Wed Nov 22 08:02:00 +0000 2017,AmazonHelp,False,"<USER_1> Hello Sandeep, are your delivery issues with the same carrier? Have you contacted us about it? ^BD"
AMZ_0114,115903,115903,,Wed Nov 22 07:50:54 +0000 2017,<USER_1>,True,<USER_1> Prime delivery is now a joke in this household. Rarely get next day delivery especially on weekends and now parcels are not being delivered and being marked as attempted or in some cases as 'delivered'. Prime is looking like a scam more and more #Joke #farce
AMZ_0114,115903,132454,115888,Fri Nov 24 08:05:00 +0000 2017,AmazonHelp,False,<USER_1> Did you get a chance to fill out your details in the link previously provided so that we can investigate this for you? ^PJ
AMZ_0115,1097252,1097249,1097252,Sun Oct 15 05:59:35 +0000 2017,AmazonHelp,False,"<USER_1> Please don't provide your order details, as we consider it to be personal information. Our Twitter page is public.​ ^RW"
AMZ_0115,1097252,1097250,1097249,Sun Oct 15 06:21:10 +0000 2017,<USER_1>,True,"@AmazonHelp <USER_1> <USER_1> <USER_1> Thanks will keep in mind, may i expect any action issue ?"
AMZ_0115,1097252,1097251,1097249,Sun Oct 15 07:58:51 +0000 2017,<USER_1>,True,@AmazonHelp <USER_1> <USER_1> <USER_1> Should i expect any response or action ?
AMZ_0115,1097252,1097252,,Sun Oct 15 05:41:44 +0000 2017,<USER_1>,True,<USER_1> <USER_1> <USER_1> @AmazonHelp <USER_1> such beautifully worst and horrible services as compare to normal customer https://t.co/itf6vPOVsu
AMZ_0115,1097252,1097253,1097251,Sun Oct 15 08:32:03 +0000 2017,AmazonHelp,False,<USER_1> they are the best team to help you with this. 2/2 ^EM
AMZ_0115,1097252,1097254,1097251,Sun Oct 15 08:30:52 +0000 2017,AmazonHelp,False,<USER_1> Looks like your issue is being handled by the specialist team. Kindly revert to their email for further assistance since 1/2 ^EM
AMZ_0115,1097252,1097255,1097253,Sun Oct 15 08:46:39 +0000 2017,<USER_1>,True,@AmazonHelp <USER_1> <USER_1> <USER_1> as being #prime member
AMZ_0115,1097252,1097256,1097253,Sun Oct 15 08:39:53 +0000 2017,<USER_1>,True,"@AmazonHelp <USER_1> <USER_1> <USER_1> i have already reply &amp; this isn't 1st time, looking out 4 extended help to avoid such foolishness in future 1/2 https://t.co/XeTgG7deiZ"
AMZ_0115,1097252,1097257,1097256,Sun Oct 15 09:06:32 +0000 2017,AmazonHelp,False,"<USER_1> Please don't provide your order details, we consider it personal information. Our Twitter page is visible to public. (2/2) ^ZH"
AMZ_0115,1097252,1097258,1097256,Sun Oct 15 09:06:32 +0000 2017,AmazonHelp,False,<USER_1> Thanks for writing to us. Our specialist team will be contacting you with an update soon. Request you to wait for the same (1/2) ^ZH
AMZ_0115,1097252,1097259,1097257,Sun Oct 15 09:17:27 +0000 2017,<USER_1>,True,@AmazonHelp <USER_1> <USER_1> <USER_1> i am still didn't got my answer
AMZ_0115,1097252,1097260,1097259,Sun Oct 15 09:48:00 +0000 2017,AmazonHelp,False,<USER_1> Suggest you to wait. The concerned team will connect with you. ^SG
AMZ_0115,1097252,1097261,1097260,Sun Oct 15 09:51:37 +0000 2017,<USER_1>,True,@AmazonHelp <USER_1> <USER_1> <USER_1> this isn't 1st time i am hearing this and it's been almost 4 day i have been waiting for this issue
AMZ_0115,1097252,1097262,1097261,Sun Oct 15 10:15:00 +0000 2017,AmazonHelp,False,"<USER_1> Please be assured, our concerned team would reach out to you with an update soon. ^GS"
AMZ_0116,2828804,2828803,2828804,Mon Nov 27 11:55:59 +0000 2017,AmazonHelp,False,"<USER_1> Please don't provide your order details, we consider it personal info. Our Twitter page is visible to public. (2/2) ^AS"
AMZ_0116,2828804,2828804,,Mon Nov 27 11:47:33 +0000 2017,<USER_1>,True,After 17 days...still i m not getting any cashback.🤐 when i will get my cashback? It's very worst experience to use amazon pay app😣. @AmazonHelp <USER_1> https://t.co/smC2ioHEzT
AMZ_0116,2828804,2828805,2828804,Mon Nov 27 11:55:00 +0000 2017,AmazonHelp,False,<USER_1> I understand you are concerned regarding cashback of your order. Could you confirm sharing your details in the link provided here : https://t.co/TemLmdPici ? (1/2) ^AS
AMZ_0117,1911069,1911067,1911069,Sun Oct 29 01:34:33 +0000 2017,AmazonHelp,False,<USER_1> Hello Pam! Without providing personal account information can you explain a bit further? ^LS
AMZ_0117,1911069,1911068,1911067,Sun Oct 29 05:14:13 +0000 2017,<USER_1>,True,@AmazonHelp I talked to customer service
AMZ_0117,1911069,1911069,,Sun Oct 29 01:22:09 +0000 2017,<USER_1>,True,@AmazonHelp i am having huge problem getting a refund for order from American Sports Nutrition through you please help!!!!
AMZ_0117,1911069,1911070,1911068,Sun Oct 29 05:26:24 +0000 2017,AmazonHelp,False,<USER_1> Thank you for letting us know; were they able to help resolve your concerns? ^LJ
AMZ_0117,1911069,1911071,1911070,Sun Oct 29 05:31:10 +0000 2017,<USER_1>,True,@AmazonHelp Still don't have refund. Very frustrating. They said they would call me monday
AMZ_0117,1911069,1911072,1911071,Sun Oct 29 05:35:55 +0000 2017,AmazonHelp,False,<USER_1> I'm sorry you haven't been refunded yet. Please keep us posted on the outcome of the call Monday. ^JN
AMZ_0117,1911069,1911073,1911072,Mon Oct 30 22:07:19 +0000 2017,<USER_1>,True,@AmazonHelp Still no refund. On hold forever. Can someone PLEASE help me?  I used debit card and you have my money. I have no product
AMZ_0118,564953,564950,564953,Sun Dec 03 00:25:25 +0000 2017,AmazonHelp,False,<USER_1> I'm sorry for the delay. Were you able to reach out to us by phone: https://t.co/P7NEdqfe5z? ^ST
AMZ_0118,564953,564951,564950,Sun Dec 03 00:31:10 +0000 2017,<USER_1>,True,@AmazonHelp CAN I GET A TELEPHONE NUMBER?
AMZ_0118,564953,564952,564950,Sun Dec 03 00:27:57 +0000 2017,<USER_1>,True,@AmazonHelp Need a phone number
AMZ_0118,564953,564953,,Sun Dec 03 00:16:07 +0000 2017,<USER_1>,True,<USER_1> What's the point of Amazon Help on Twitter when they dont answer their messages???.
AMZ_0118,564953,564954,564952,Sun Dec 03 00:53:56 +0000 2017,AmazonHelp,False,"<USER_1> I'm sorry you've had trouble with your software purchase. Please reach out to us directly here: https://t.co/hApLpMlfHN​. You will be prompted to select what we can help you with, and then you will have the option for us to contact you via phone or chat. ^NS"
AMZ_0119,2663076,2663067,2663068,Sun Nov 19 08:40:31 +0000 2017,AmazonHelp,False,"<USER_1> My apologies. Were we able to find an account with a Prime subscription on it? Additionally, have you advised your bank somebody has used your card without your consent? ^DC"
AMZ_0119,2663076,2663068,2663069,Sun Nov 19 08:34:31 +0000 2017,<USER_1>,True,@AmazonHelp No they weren’t. The person I spoke to asked if I wanted to cancel my amazon prime subscription but the problem isn’t my account. The issue is someone signed up for Prime with my card
AMZ_0119,2663076,2663069,2663070,Sun Nov 19 05:58:00 +0000 2017,AmazonHelp,False,<USER_1> What insight was provided when you contacted us? Were they able to find the charge on another account? ^AM
AMZ_0119,2663076,2663070,2663071,Sun Nov 19 05:44:16 +0000 2017,<USER_1>,True,@AmazonHelp I called customer service and they weren’t of any help
AMZ_0119,2663076,2663071,2663072,Sun Nov 19 05:01:23 +0000 2017,AmazonHelp,False,"<USER_1> I understand your concern. We can look further into this for you! At your nearest convenience please reach us directly by choosing ""phone"" here: https://t.co/CYqkdUakWJ ^GM"
AMZ_0119,2663076,2663072,2663073,Sun Nov 19 04:40:07 +0000 2017,<USER_1>,True,"@AmazonHelp But I’m saying that wasn’t me because when I log in, it says I haven’t been charged for my trial yet https://t.co/FVaqnrk5lx"
AMZ_0119,2663076,2663073,2663074,Sun Nov 19 04:37:24 +0000 2017,AmazonHelp,False,<USER_1> This charge indicates someone has signed up for Amazon Prime with monthly payments using your payment method. Do you see the membership when you follow the direction outlined here: https://t.co/DoxbmBNkLo? ^JR
AMZ_0119,2663076,2663074,2663075,Sun Nov 19 04:28:37 +0000 2017,<USER_1>,True,@AmazonHelp Those steps did not help. I did not make a purchase on Amazon so why was I charged ? https://t.co/OnNviEZa5M
AMZ_0119,2663076,2663075,2663076,Sat Nov 18 22:05:03 +0000 2017,AmazonHelp,False,"<USER_1> Sorry for any inconvenience, we're here to help! With Twitter, we're unable to access any account or order information. Have you tried all of these steps to locate the charge: https://t.co/ns1jZT5uee ? Please, let us know! ^JE"
AMZ_0119,2663076,2663076,,Sat Nov 18 21:55:47 +0000 2017,<USER_1>,True,"<USER_1> I was charged $11.97 for something that I did not purchase and when I checked my account to see what for, I saw nothing ?"
AMZ_0120,825502,825497,825499,Fri Oct 13 00:55:00 +0000 2017,AmazonHelp,False,"<USER_1> We haven't made an announcement that yet, Sourav. Stay tuned to our website for further updates. ^HD"
AMZ_0120,825502,825498,825497,Fri Oct 13 00:57:38 +0000 2017,<USER_1>,True,@AmazonHelp But have u canceled the series or we can wait for the updates
AMZ_0120,825502,825499,825501,Fri Oct 13 00:49:21 +0000 2017,<USER_1>,True,@AmazonHelp And will the kick season 2 will come or not
AMZ_0120,825502,825500,825498,Fri Oct 13 01:05:00 +0000 2017,AmazonHelp,False,<USER_1> We do not have an update about it. I request you to please stay tuned. ^NR
AMZ_0120,825502,825501,825502,Fri Oct 13 00:46:26 +0000 2017,AmazonHelp,False,<USER_1> The next episode will air on 19th October. Please stay tuned. ^SQ
AMZ_0120,825502,825502,,Fri Oct 13 00:29:44 +0000 2017,<USER_1>,True,@AmazonHelp the new TV series on Amazon prime why only 2 episodes are available for lakhon mien ek
AMZ_0121,1776406,1776403,1776406,Tue Nov 07 23:58:00 +0000 2017,AmazonHelp,False,<USER_1> So sorry to hear that. Is this involving the package that was delivered to the incorrect address? We'd like to help! ^BL
AMZ_0121,1776406,1776404,1776403,Tue Nov 07 23:59:21 +0000 2017,<USER_1>,True,"@AmazonHelp It is, and also the resolution that Amazon chat rep James promised me that never materialized"
AMZ_0121,1776406,1776405,1776403,Wed Nov 08 00:21:30 +0000 2017,<USER_1>,True,@AmazonHelp And in the meantime I've wasted another hour of my time with <USER_1> useless  chat help
AMZ_0121,1776406,1776406,,Tue Nov 07 23:53:56 +0000 2017,<USER_1>,True,<USER_1> So how does a customer get actual help from Amazon? After hours on the phone and chat the resolution that was promised was apparently never done. Is this how Amazon deals with its customers now?
AMZ_0121,1776406,1776407,1776404,Wed Nov 08 00:07:28 +0000 2017,AmazonHelp,False,<USER_1> Could you please clarify for us who the carrier was? You can see that here: https://t.co/WoewvWJEyJ ^BA
AMZ_0121,1776406,1776408,1776407,Wed Nov 08 00:08:13 +0000 2017,<USER_1>,True,@AmazonHelp It was a courier. It was supposed to be a next day order.
AMZ_0121,1776406,1776409,1776407,Wed Nov 08 00:09:51 +0000 2017,<USER_1>,True,"@AmazonHelp For clarification, the package wasn't even delivered to the right apartment complex. I could tell by the picture they posted of the package on the door step that it was delivered to the neighboring apartment complex..."
AMZ_0121,1776406,1776410,1776408,Wed Nov 08 00:15:29 +0000 2017,AmazonHelp,False,<USER_1> I apologize for the confusion. Who was the courier of the package? ^BA
AMZ_0121,1776406,1776411,1776410,Wed Nov 08 01:00:41 +0000 2017,<USER_1>,True,@AmazonHelp THANKS FOR THE HELP <USER_1> you guys are the absolute worst. No help from a single person in that horrible company and I get my chat disconnected by a supervisor. You guys just lost a loyal customer
AMZ_0121,1776406,1776412,1776410,Wed Nov 08 00:17:35 +0000 2017,<USER_1>,True,"@AmazonHelp How would I know?! It's your courier, they never even showed up to my house"
AMZ_0121,1776406,1776413,1776410,Wed Nov 08 00:38:38 +0000 2017,<USER_1>,True,@AmazonHelp WOW! Your chat supervisor Basker just closed our chat without connecting me to his supervisor like requested. I really can't believe the way I'm being treated by <USER_1>
AMZ_0122,1144989,1144987,1144989,Tue Oct 24 13:43:52 +0000 2017,AmazonHelp,False,<USER_1> I'm sorry you're having a hard time! You can reach us here: https://t.co/hApLpMlfHN so that we can look into it together. ^EA
AMZ_0122,1144989,1144988,1144987,Tue Oct 24 17:58:38 +0000 2017,<USER_1>,True,@AmazonHelp Its not working online. Is there I number I can call?
AMZ_0122,1144989,1144989,,Tue Oct 24 13:29:18 +0000 2017,<USER_1>,True,<USER_1> guys you need a better system. Having huge trouble getting a refund. Used debit card. Can someone call me?  (<PHONE_1>
AMZ_0122,1144989,1144990,1144988,Tue Oct 24 18:03:01 +0000 2017,AmazonHelp,False,<USER_1> Certainly! You can reach us via phone at <PHONE_1>. We look forward to hearing from you! ^VB
AMZ_0123,320613,320611,320613,Sat Oct 07 12:24:00 +0000 2017,AmazonHelp,False,<USER_1> Sorry for the hassle. Please report this to our support team here: https://t.co/vlvfJr4nN9 and we'll check this. ^HN
AMZ_0123,320613,320612,320611,Sat Oct 07 13:37:54 +0000 2017,<USER_1>,True,@AmazonHelp I tried the support but it only plays IVR. My query is I have not received the book and not that I have to return it. Pls ask a human 2 call
AMZ_0123,320613,320613,,Sat Oct 07 11:43:49 +0000 2017,<USER_1>,True,<USER_1> the book was not delivered but this your courier tracking status. We were in hospital from 17th Sep to 01st Oct 2017. Please help https://t.co/8uScUVITtH
AMZ_0123,320613,320614,320612,Sat Oct 07 16:05:44 +0000 2017,AmazonHelp,False,<USER_1> I understand your concern. Please reach us via chat/email using the link provided above. ^HD
AMZ_0123,320613,320615,320614,Sat Oct 07 16:25:34 +0000 2017,<USER_1>,True,@AmazonHelp Thanks a ton. The problem is resolved. Happy to be a Amazon customer. Cheers
AMZ_0123,320613,320616,320615,Sat Oct 07 18:23:53 +0000 2017,AmazonHelp,False,"<USER_1> You are most certainly welcome, and thank you for reaching out to us today. We're here to help if you need us. Happy shopping. ^VN"
AMZ_0124,1936493,1936491,1936493,Wed Oct 18 15:52:29 +0000 2017,AmazonHelp,False,<USER_1> I'm so sorry for the poor experience! Without providing any sensitive info could you tell us more about the situation? ^ZW
AMZ_0124,1936493,1936492,1936491,Wed Oct 18 18:12:26 +0000 2017,<USER_1>,True,@AmazonHelp it's finally been resolved by an AMAZING cust.service woman who actually listened and got the JOB done after 6 1/2hrs &amp;?calls
AMZ_0124,1936493,1936493,,Wed Oct 18 15:43:10 +0000 2017,<USER_1>,True,<USER_1> your cust.service is HORRIBLE!!2days&amp;5 1/2hrs later NO resolution to the problem and treated rudely by reps and supervisor😢#noexcuse
AMZ_0124,1936493,1936494,1936492,Wed Oct 18 18:22:33 +0000 2017,AmazonHelp,False,<USER_1> I'm sorry that took so long to resolve! We'll send a survey after each call that can be used to provide associate feedback. ^MB
AMZ_0125,1721018,1721017,1721018,Tue Nov 07 07:54:01 +0000 2017,AmazonHelp,False,<USER_1> Kindly understand that they are in the best position to help you at this moment. (2/2) ^KA
AMZ_0125,1721018,1721018,,Tue Nov 07 07:18:43 +0000 2017,<USER_1>,True,@AmazonHelp how to unlock account Amazon
AMZ_0125,1721018,1721019,1721018,Tue Nov 07 07:54:00 +0000 2017,AmazonHelp,False,<USER_1> Please reply to the email you've received from our account specialist team and they'll get back to you. (1/2) ^KA
AMZ_0126,970611,970581,970584,Sun Oct 22 07:38:57 +0000 2017,AmazonHelp,False,<USER_1> Sorry for the delay with the refund. Please reply to the email you've received from our team and we'll reach out. ^KA
AMZ_0126,970611,970582,970581,Tue Oct 24 05:32:22 +0000 2017,<USER_1>,True,@AmazonHelp Much delay on this <USER_1>
AMZ_0126,970611,970583,970581,Tue Oct 24 05:31:19 +0000 2017,<USER_1>,True,@AmazonHelp Still no call received . Please respond ASAP @AmazonHelp
AMZ_0126,970611,970584,970605,Sun Oct 22 07:24:23 +0000 2017,<USER_1>,True,@AmazonHelp Yes I have appealed the decision as per the the link. Still awaiting for my refund. Please comply asap.
AMZ_0126,970611,970585,970583,Tue Oct 24 05:42:25 +0000 2017,AmazonHelp,False,<USER_1> Kindly reply to the email sent by the Social media team. We'll check this &amp; get back to you with an update. ^EM
AMZ_0126,970611,970586,970585,Tue Oct 24 05:45:48 +0000 2017,<USER_1>,True,@AmazonHelp Already replied
AMZ_0126,970611,970587,970586,Tue Oct 24 05:52:00 +0000 2017,AmazonHelp,False,<USER_1> Thanks for the update. Our team will reach out to you soon with an update. ^VM
AMZ_0126,970611,970588,970587,Tue Oct 24 15:18:19 +0000 2017,<USER_1>,True,@AmazonHelp Guys I am still waiting for the  team to connect with me ...
AMZ_0126,970611,970589,970588,Tue Oct 24 15:47:49 +0000 2017,AmazonHelp,False,"<USER_1> Sorry for the delay, we are working on this issue. We'll get back to you soon with an update.^PJ"
AMZ_0126,970611,970590,970589,Wed Oct 25 08:11:00 +0000 2017,<USER_1>,True,@AmazonHelp Highly unprofessional attitude from <USER_1> ..inspite of repeated reminders no follow up came... Disgusting to say the least
AMZ_0126,970611,970591,970590,Wed Oct 25 08:49:15 +0000 2017,AmazonHelp,False,<USER_1> We're working on this. We'll reach out to you soon with an update. ^HK
AMZ_0126,970611,970592,970591,Thu Oct 26 15:44:01 +0000 2017,<USER_1>,True,@AmazonHelp Guys I am still waiting for an update  can u please confirm when will the update be provided <USER_1>
AMZ_0126,970611,970593,970592,Thu Oct 26 15:55:33 +0000 2017,AmazonHelp,False,<USER_1> Sorry about the delay. You must have received our correspondence here: https://t.co/DTSNmGldJf? ^BS
AMZ_0126,970611,970594,970593,Thu Oct 26 16:34:45 +0000 2017,<USER_1>,True,@AmazonHelp The correspondence asks to wait ...My point is you people should provide a certain timeline which is still not provided for the refund
AMZ_0126,970611,970595,970594,Thu Oct 26 16:51:46 +0000 2017,AmazonHelp,False,<USER_1> from our team. We'll check the details and get back to you.^SM (2/2)
AMZ_0126,970611,970596,970594,Thu Oct 26 16:51:35 +0000 2017,AmazonHelp,False,"<USER_1> I understand that it is taking longer time than expected. However, request you to reply to the email you received ^SM (1/2)"
AMZ_0126,970611,970597,970595,Fri Oct 27 07:51:03 +0000 2017,<USER_1>,True,@AmazonHelp I have already replied on the mail guys...Please reach out to me. I am again sharing my number <PHONE_1>
AMZ_0126,970611,970598,970597,Fri Oct 27 08:08:00 +0000 2017,AmazonHelp,False,<USER_1> Our Twitter page is visible to public. 3/3 ^SB
AMZ_0126,970611,970599,970597,Fri Oct 27 08:08:00 +0000 2017,AmazonHelp,False,"<USER_1> assistance. Also, please don’t provide your account details as we consider them to be personal information.  2/3 ^SB"
AMZ_0126,970611,970600,970597,Fri Oct 27 08:07:36 +0000 2017,AmazonHelp,False,<USER_1> We must have sent a correspondence here: https://t.co/DTSNmGldJf. Request you to check and respond for further 1/3 ^SB
AMZ_0126,970611,970601,970600,Fri Oct 27 09:42:05 +0000 2017,<USER_1>,True,"@AmazonHelp I have responded to the same 2 days back
Do you guys want to look into the issue or not
It is the last time I am requesting in this tweet"
AMZ_0126,970611,970602,970601,Fri Oct 27 09:49:32 +0000 2017,AmazonHelp,False,"<USER_1> We're sorry for the delay on this. However, you'll need to reply to the email sent by our team for further updates. ^RS"
AMZ_0126,970611,970603,970602,Fri Oct 27 09:54:18 +0000 2017,<USER_1>,True,@AmazonHelp I have already replied to the mail..And also got a confirmation of assistance
AMZ_0126,970611,970604,970603,Fri Oct 27 10:05:29 +0000 2017,AmazonHelp,False,"<USER_1> We're unable to look at the details over Twitter, Ananya. Please reply to our email so we could take it from there. ^JC"
AMZ_0126,970611,970605,970606,Mon Oct 16 17:29:01 +0000 2017,AmazonHelp,False,<USER_1> I see that we've sent you a correspondence. Kindly check the same here: https://t.co/ubzNHWZvL2 ^SG
AMZ_0126,970611,970606,970607,Mon Oct 16 17:14:41 +0000 2017,<USER_1>,True,@AmazonHelp I have already provided my details in the above mentioned link but np follow up call was received dor the same hence I'm resharing my no.
AMZ_0126,970611,970607,970610,Mon Oct 16 11:57:18 +0000 2017,<USER_1>,True,@AmazonHelp Please call me on <PHONE_1>
AMZ_0126,970611,970608,970607,Mon Oct 16 12:08:00 +0000 2017,AmazonHelp,False,<USER_1> Please don’t provide your contact details as it is personal information. Our page is visible to the public.2/2^HN
AMZ_0126,970611,970609,970607,Mon Oct 16 12:07:31 +0000 2017,AmazonHelp,False,"<USER_1> I'm afraid, we'll not be able to contact you over Social Media Ananya, please share your details in the above link. 1/2^HN"
AMZ_0126,970611,970610,970611,Sun Oct 15 09:49:33 +0000 2017,AmazonHelp,False,<USER_1> We would like to help. Please share your details with us here: https://t.co/GIJyeYqKE0. We'll get in touch shortly. (1/2)^CB
AMZ_0126,970611,970611,,Sun Oct 15 09:27:26 +0000 2017,<USER_1>,True,<USER_1>  showing severe lack of professionalism in orders refund claim filed by me. Please find more on this with attached screenshot here https://t.co/URgiN3X6Js
AMZ_0126,970611,970612,970611,Sun Oct 15 09:49:42 +0000 2017,AmazonHelp,False,<USER_1> Please don't provide your order details as we consider it personal info. Our twitter page is visible to public.(2/2)^CB
AMZ_0127,2885683,2885680,2885681,Tue Nov 28 12:00:40 +0000 2017,AmazonHelp,False,<USER_1> We've escalated your details to the concerned team. They'll get in touch with you regarding the same. ^SG
AMZ_0127,2885683,2885681,2885682,Tue Nov 28 11:51:59 +0000 2017,<USER_1>,True,"@AmazonHelp Hello Team,
I have already provided sufficient information multiple times but still no help from your end. My amazon seller account is blocked for two weeks ans i have given all the required justification but no help from the team. My Rs. 120000 is stuck and cant sell on amazon."
AMZ_0127,2885683,2885682,2885683,Tue Nov 28 11:50:00 +0000 2017,AmazonHelp,False,<USER_1> I'm sorry to hear you've had a poor experience with us! May I inquire as to what the issue is? ^RO
AMZ_0127,2885683,2885683,,Tue Nov 28 11:46:16 +0000 2017,<USER_1>,True,@AmazonHelp Worst support by team. <USER_1> I want to file a complaint against this company. Kindly help me
AMZ_0128,389679,389677,389679,Mon Oct 09 15:03:47 +0000 2017,AmazonHelp,False,"<USER_1> Very sorry for your experience, Dave. To close your account, you can use this link:https://t.co/US7nEIq4Ti ^JD"
AMZ_0128,389679,389678,389677,Mon Oct 09 16:08:24 +0000 2017,<USER_1>,True,"@AmazonHelp I have followed this link twice and to no avail. It's a simple request, close my fucking account. I can't ... if I could I would've already."
AMZ_0128,389679,389679,,Mon Oct 09 14:50:31 +0000 2017,<USER_1>,True,<USER_1> @amazonhelp I have reported my debit card &amp; all of mine/my wife's credit cards used on your website (cont) https://t.co/s2KedgWBpQ
AMZ_0128,389679,389680,389678,Mon Oct 09 16:20:01 +0000 2017,AmazonHelp,False,"<USER_1> We won't be able to close it through Twitter. When you contacted us, did we send you a link to close the account? ^DD"
AMZ_0128,389679,389681,389680,Mon Oct 09 16:33:17 +0000 2017,<USER_1>,True,"@AmazonHelp Yes, twice. And twice I followed the instructions. Both times I was rerouted to an Amazon page with a bunch of bullshit and no way to close."
AMZ_0129,464283,464281,464283,Fri Dec 01 03:48:29 +0000 2017,AmazonHelp,False,<USER_1> I'm so sorry for the frustration with this delivery. I'd like a member of our Social Media team to take a look into this. Please provide your details here: https://t.co/gmTuBIfTju. ^DG
AMZ_0129,464283,464282,464281,Fri Dec 01 04:01:34 +0000 2017,<USER_1>,True,"@AmazonHelp I have screenshots too, and have replied to the tweet. The one screenshot shows that the driver moved my shipment to a Delayed status minutes after I talked with him. I also have received multiple calls saying he would be coming, but it's now past 8 and no driver."
AMZ_0129,464283,464283,,Fri Dec 01 03:36:51 +0000 2017,<USER_1>,True,"@AmazonHelp After 3 online chat attempts, and several call centre reps, including a supervisor, I reached a logistics rep who says the delivery driver is doing sketchy things on his route, and I have yet to get my delivery. #badcustomerservice"
AMZ_0130,1633177,1633176,1633177,Tue Oct 17 12:50:04 +0000 2017,AmazonHelp,False,<USER_1> consider it to be personal information. Our Twitter page is public.​ 3/3 ^NK
AMZ_0130,1633177,1633177,,Tue Oct 17 12:34:31 +0000 2017,<USER_1>,True,<USER_1>  I want to purchase under my GST firm how to get bill in GST. Not getting proper response. Call me <PHONE_1>
AMZ_0130,1633177,1633178,1633177,Tue Oct 17 12:50:00 +0000 2017,AmazonHelp,False,"<USER_1> details, please refer: here https://t.co/e2wlSPZXGR. Also, please don't provide your contact details, as we 2/3 ^NK"
AMZ_0130,1633177,1633179,1633177,Tue Oct 17 12:48:30 +0000 2017,AmazonHelp,False,"<USER_1> I get your concern, Subham. Only, business accounts will receive tax credit invoices with GSTIN #. For additional 1/3 ^NK"
AMZ_0131,210364,210362,210364,Wed Oct 04 18:46:00 +0000 2017,AmazonHelp,False,"<USER_1> I'm sorry to know about your account closure. Please connect with us here: https://t.co/hITbmQzz2y, for assistance. ^NR"
AMZ_0131,210364,210363,210362,Thu Oct 05 03:45:59 +0000 2017,<USER_1>,True,@AmazonHelp as you people barred my selling services there is no one to reply my mails as well as their is no contact support...whats wrong with you ppl
AMZ_0131,210364,210364,,Wed Oct 04 17:24:22 +0000 2017,<USER_1>,True,<USER_1> last year you people discontinued my seller account and it's peak time and there no hope of re instate my seller account from you
AMZ_0131,210364,210365,210363,Thu Oct 05 04:24:00 +0000 2017,AmazonHelp,False,<USER_1> As requested earlier connect with our seller support team through the link provided above and we'll be happy to help. ^SH
AMZ_0131,210364,210366,210365,Thu Oct 05 04:26:03 +0000 2017,<USER_1>,True,@AmazonHelp But there are options like login and mail but after login how will I do something u had blocked my privileges
AMZ_0131,210364,210367,210366,Thu Oct 05 05:26:00 +0000 2017,AmazonHelp,False,<USER_1> option or reply to the email you've received from our specialist team. (2/2) ^KA
AMZ_0131,210364,210368,210366,Thu Oct 05 05:25:31 +0000 2017,AmazonHelp,False,"<USER_1> Sorry for the trouble, Vatsal. I get your concern. At this moment we recommend you connect with our support team via phone (1/2) ^KA"
AMZ_0131,210364,210369,210368,Thu Oct 05 05:27:39 +0000 2017,<USER_1>,True,@AmazonHelp Provide me the number
AMZ_0131,210364,210370,210369,Thu Oct 05 06:10:25 +0000 2017,AmazonHelp,False,"<USER_1> You may refer to the link provided earlier by ""NR"" for further information on contacting our seller support team. ^GK"
AMZ_0131,210364,210371,210370,Thu Oct 05 06:42:07 +0000 2017,<USER_1>,True,@AmazonHelp They asked me to write an appeal nd I did the same but no reply nd can't u just call me up md resolve my case
AMZ_0131,210364,210372,210371,Thu Oct 05 06:51:30 +0000 2017,AmazonHelp,False,<USER_1> Sorry for the trouble you've had with your account. Kindly fill in your details here:  https://t.co/GIJyeYqKE0 and I'll help you.^MM
AMZ_0131,210364,210373,210372,Thu Oct 05 07:49:56 +0000 2017,<USER_1>,True,@AmazonHelp sent the form.....now please check it and revert asap
AMZ_0131,210364,210374,210373,Thu Oct 05 08:14:00 +0000 2017,AmazonHelp,False,<USER_1> Thanks for the update. Our teams will reach out to you soon. ^VM
AMZ_0132,275820,275818,275820,Mon Oct 02 05:21:01 +0000 2017,AmazonHelp,False,<USER_1> Oh no! Have you sent a message to the KDP team here: https://t.co/hwtcpJFwfM? ^KB
AMZ_0132,275820,275819,275818,Fri Oct 06 06:51:13 +0000 2017,<USER_1>,True,@AmazonHelp I no longer have access to that page. Please get someone to reach out to me.
AMZ_0132,275820,275820,,Mon Oct 02 05:09:47 +0000 2017,<USER_1>,True,<USER_1> My KDP account (1600 books!) was terminated in error. I can't get hold of a human being at Amazon. Help!
AMZ_0132,275820,275821,275819,Fri Oct 06 06:55:26 +0000 2017,AmazonHelp,False,<USER_1> What happens when you click on that link? ^AS
AMZ_0132,275820,275822,275821,Fri Oct 06 07:57:53 +0000 2017,<USER_1>,True,"@AmazonHelp It brings me to my sign in page. This is a $250,000 / year account. Someone at KDP needs to call me. Very upset about this."
AMZ_0132,275820,275823,275822,Fri Oct 06 08:03:00 +0000 2017,AmazonHelp,False,"<USER_1> Hello, please fill in your details here and we will reach out to you as soon as possible:https://t.co/mk7tow11c4 ^CR"
AMZ_0132,275820,275824,275823,Fri Oct 06 08:06:46 +0000 2017,<USER_1>,True,"@AmazonHelp Done, look forward to hearing from you."
AMZ_0133,462479,462475,462477,Fri Dec 01 02:51:55 +0000 2017,AmazonHelp,False,"<USER_1> We want to make sure you're taken care of, Jennifer. Please let us know when an account specialist reaches back out to you and what the outcome is.  ^JP"
AMZ_0133,462479,462476,462475,Fri Dec 01 06:47:49 +0000 2017,<USER_1>,True,@AmazonHelp Yeah you’ll hear from me. https://t.co/oajmsuVN8V
AMZ_0133,462479,462477,462478,Fri Dec 01 02:44:11 +0000 2017,<USER_1>,True,@AmazonHelp I called and they put my account on hold but told me a representative would call me in 24 hours. My checking account was drained and my credit card info was obviously leaked so I would’ve appreciated talking to a representative at that moment. But it’s fine.
AMZ_0133,462479,462478,462479,Fri Dec 01 02:42:13 +0000 2017,AmazonHelp,False,"<USER_1> I'm sorry for the trouble with your account! If you haven't yet, please give us a call to report the unauthorized orders: https://t.co/RYpmBmNJrR. If you are unable to sign in, please contact us here instead: https://t.co/uWvBEiTnQW ^MB"
AMZ_0133,462479,462479,,Fri Dec 01 02:35:19 +0000 2017,<USER_1>,True,"Someone hacked my <USER_1> account and spent $700 on League of Legends gift cards. Awesome. I’ll just be here, stressed, hungry and poor, while nerds are playing video games on my crappy grad assistant paycheck 🤙🏽 #FinalsWeek"
AMZ_0134,54364,54363,54364,Thu Nov 30 20:43:00 +0000 2017,AmazonHelp,False,"<USER_1> I'm terribly sorry your package was delayed! We'd like to look into this for you! When your packages are delayed, do you see a trend in the carrier?  ^AR"
AMZ_0134,54364,54364,,Thu Nov 30 20:34:59 +0000 2017,<USER_1>,True,Right just cancel the order @AmazonHelp December the 5th was not the agreed date it was today! <USER_1> <USER_1> 3rd time this month it's joke!
AMZ_0134,54364,54365,54364,Thu Nov 30 22:25:02 +0000 2017,<USER_1>,True,"@AmazonHelp <USER_1> <USER_1> Yes there is, last Wednesday tried to deliver and we were in, then it got delivered next day when we were not there, but didn't receive parcel, this time said today....... So no good as stayed in all day again for no delivery"
AMZ_0134,54364,453280,54365,Thu Nov 30 22:48:01 +0000 2017,AmazonHelp,False,"<USER_1> Have you tried reaching out to us here for further assistance: https://t.co/JzP7hlA23B If so, which options were provided? ^QJ"
AMZ_0135,2285502,2285499,2285501,Sat Nov 11 16:34:24 +0000 2017,AmazonHelp,False,"<USER_1> I'm so sorry for the poor experience, Brie! We don't expect this to happen. Please keep us updated on Monday's delivery. ^AB"
AMZ_0135,2285502,2285500,2285499,Sat Nov 11 16:40:15 +0000 2017,<USER_1>,True,@AmazonHelp And what will that do for me? Nothing. Go speak to Adriana C. I will be contacting the source who sold this item (fulfilled and shipped by Amazon) and tell them how poorly you handled their product. And tagging <USER_1> to let them know how your reps lie about statuses of items.
AMZ_0135,2285502,2285501,2285502,Sat Nov 11 16:26:44 +0000 2017,<USER_1>,True,I don’t know why I get my hopes up. Also thanks to Adrianna the supervisory rep at @AmazonHelp for flat out lying to me saying you spoke to a <USER_1> rep this morning and that it was on the truck. Their call lines are closed today. Get your shit together <USER_1> https://t.co/KGuLBFSV3m
AMZ_0135,2285502,2285502,,Sat Nov 11 14:28:47 +0000 2017,<USER_1>,True,TODAYS THE ACTUAL DAY FRIENDS IM SO EXCITED https://t.co/LlGsl8KPRy
AMZ_0136,1135907,1135906,1135907,Tue Oct 24 09:25:57 +0000 2017,AmazonHelp,False,<USER_1> Apologies Poppy. Please forward your details - https://t.co/tkLCr7DNil we'd like to investigate further. ^TP
AMZ_0136,1135907,1135907,,Tue Oct 24 09:18:48 +0000 2017,<USER_1>,True,Hello @AmazonHelp still waiting for someone to call me about my hacked account please 🙃🙃🙃🙃 haven’t got the spare money to just give away tnx
AMZ_0137,1388844,1388843,1388844,Sat Oct 28 10:38:53 +0000 2017,AmazonHelp,False,<USER_1> Please fill this form: https://t.co/beaaDm0muc and I’ll contact you soon. ^PJ (2/2)
AMZ_0137,1388844,1388844,,Sat Oct 28 10:16:46 +0000 2017,<USER_1>,True,<USER_1> @AmazonHelp <USER_1>  Whats the point in being a prime member when your order is always delayed and care says cancel/reorder
AMZ_0137,1388844,1388845,1388844,Sat Oct 28 10:38:53 +0000 2017,AmazonHelp,False,<USER_1> I'm sorry for the experience you had with your recent orders. I’d like to look into this for you. ^PJ (1/2)
AMZ_0138,445417,445406,445410,Wed Nov 22 10:27:57 +0000 2017,AmazonHelp,False,"<USER_1> Hi Paul, you mentioned you had received 2 call backs already but that you told them to call back each time? Is that correct? ^DC"
AMZ_0138,445417,445407,445406,Wed Nov 22 11:15:33 +0000 2017,<USER_1>,True,@AmazonHelp Not very good customer service. Also emailed the complaints email address i was given and not even received an automated response. Care to help?
AMZ_0138,445417,445408,445406,Wed Nov 22 11:11:59 +0000 2017,<USER_1>,True,"@AmazonHelp I said once again they had not bothered ro listen ro anytjing i asked and i asked them once again ro call me back once they had looked at my issue so we can resolve it. Now, no call"
AMZ_0138,445417,445409,445406,Wed Nov 22 11:11:20 +0000 2017,<USER_1>,True,@AmazonHelp I was called by someone then asked to explain the issue. I asked them to call me back once they were up to speed. I didnt think i should have to explain once again my problem when they have access to my livechat history. They called me back again and again asked me to explain.
AMZ_0138,445417,445410,445414,Wed Nov 22 10:23:16 +0000 2017,<USER_1>,True,@AmazonHelp And lo and behold i did not get a call back yesterday nor today about my issue. Awful customer service again from amazon.
AMZ_0138,445417,445411,445407,Wed Nov 22 11:30:54 +0000 2017,AmazonHelp,False,"<USER_1> Hi Paul, when you spoke to our team did they advise you anything else? ^HS"
AMZ_0138,445417,445412,445411,Wed Nov 22 11:43:38 +0000 2017,<USER_1>,True,@AmazonHelp Nope. Nothing.
AMZ_0138,445417,445413,445412,Wed Nov 22 11:53:26 +0000 2017,AmazonHelp,False,"<USER_1> I'd like a member of my team to personally look into this with you. When you have the chance, please provide more details here:https://t.co/tkLCr7DNil ^CN"
AMZ_0138,445417,445414,445417,Tue Nov 21 19:50:00 +0000 2017,AmazonHelp,False,"<USER_1> Oh no! So sorry to hear about the delivery issues! It sounds like you've already contacted us through another method, can you let us know if any options were provided to resolve the situation? ^GS"
AMZ_0138,445417,445415,445414,Tue Nov 21 20:27:32 +0000 2017,<USER_1>,True,@AmazonHelp Asked for my months prime membership to be refunded as you hadn't lived up to t&amp;cs. Told i would have to cancel the whole thing to be refunded and would i like them to do that! Cust serv just dont care. Neither does your courier service.
AMZ_0138,445417,445416,445414,Tue Nov 21 20:24:24 +0000 2017,<USER_1>,True,"@AmazonHelp I was told a supervisor would call me to resolve the problem. Got called then asked to explain it again. Told them to call me back when they were up to speed. They called back, asked me to tell them the problem. Hadnt bothered to listen to me or look into anything. Waste of time."
AMZ_0138,445417,445417,,Tue Nov 21 19:19:19 +0000 2017,<USER_1>,True,<USER_1> another order supposedly delivered. Another order not delivered. Third rate courier serv employed. No care for cust. Another attempt to find out where my order is and another cust serv advisor doing nothing. Awful cust serv from supposedly a world class company.
AMZ_0138,445417,445418,445417,Tue Nov 21 19:38:00 +0000 2017,AmazonHelp,False,"<USER_1> I'm sorry you haven't received your order, Paul! Are you currently on the phone with us? If so, what has been advised? Please let us know. We're happy to help out in any way we can. ^WJ"
AMZ_0139,2519257,2519255,2519257,Thu Nov 16 00:59:01 +0000 2017,AmazonHelp,False,"<USER_1> I'm sorry for the frustration! When you spoke with us, what information were we able to provide? Was this regarding a recent order? If so, can you provide us with the carrier. This information can be found here: https://t.co/q4LAMZ3tbE ^AC"
AMZ_0139,2519257,2519256,2519255,Thu Nov 16 01:05:14 +0000 2017,<USER_1>,True,"@AmazonHelp YOU'RE the carrier. I'm still on the phone with an AMZL supervisor.

Your shipping is an unmitigated disaster."
AMZ_0139,2519257,2519257,,Thu Nov 16 00:54:31 +0000 2017,<USER_1>,True,"Yelling at managers at Amazon is SO FUN LET ME TELL YOU.

I do my damned best never to get angry with low-level CS-reps, but the moment you transfer me to a manager at Amazon Logistics, who've spent three days fucking up deliveries, you will bear the brunt of my wrath."
AMZ_0139,2519257,2519258,2519256,Thu Nov 16 01:20:32 +0000 2017,AmazonHelp,False,"<USER_1> That's certainly not the experience we want for you or any of our customers. If you have a moment, please securely relay order specifics to us via the following link so we can escalate this issue further: https://t.co/pCgkthrL5I ^MV"
AMZ_0139,2519257,2519259,2519258,Thu Nov 16 01:23:21 +0000 2017,<USER_1>,True,@AmazonHelp I've already done that. I'm not optimistic it will help.
AMZ_0140,802363,802362,802363,Thu Oct 12 16:21:33 +0000 2017,AmazonHelp,False,<USER_1> can reach us via phone so we can get this sorted out for you: https://t.co/jzvkhd3Qlv Let us know if we can still help! ^KN 2/2
AMZ_0140,802363,802363,,Thu Oct 12 16:09:28 +0000 2017,<USER_1>,True,@AmazonHelp I recieved an email stating my email was updated but I made no changes. I want to cancel my account
AMZ_0140,802363,802364,802363,Thu Oct 12 16:20:01 +0000 2017,AmazonHelp,False,"<USER_1> I'm sorry to hear this, Bryan, but we'd love to help in any way we can! We don't have account access via Twitter, but you...1/2"
AMZ_0141,2868464,2868463,2868464,Tue Nov 28 01:19:31 +0000 2017,AmazonHelp,False,<USER_1> I'm sorry about the wait! Orders need a bit more time to process and ship due to Black Friday and Cyber Monday. Thanks in advance for your patience. ^SH
AMZ_0141,2868464,2868464,,Tue Nov 28 01:05:06 +0000 2017,<USER_1>,True,Where my package? <USER_1> <USER_1> @AmazonHelp https://t.co/DAFF5WYSco
AMZ_0141,2868464,2868465,2868464,Tue Nov 28 01:16:49 +0000 2017,<USER_1>,False,"<USER_1> I would be happy to assist and take a deeper look into this. Can you please DM your tracking number, delivery address, and phone number. We are her to assist. ^BO https://t.co/wKJHDXWGRQ"
AMZ_0142,1740776,1740774,1740776,Sat Oct 28 23:32:27 +0000 2017,AmazonHelp,False,<USER_1> We're here to help. What option or information did we give when you contacted us? ^GG
AMZ_0142,1740776,1740775,1740774,Sun Oct 29 14:01:35 +0000 2017,<USER_1>,True,@AmazonHelp So once again you failed me. I am so angry right now. I'm on the phone with ANOTHER SUPERVISOR MARK DIDNT SEEM TO LEAVE A REPLACEMENT ORDER
AMZ_0142,1740776,1740776,,Sat Oct 28 23:21:41 +0000 2017,<USER_1>,True,@AmazonHelp I'm so disappointed in you right now. SOOOO DISAPPOINTED. TWO DAYS NO PACKAGE. https://t.co/t4B7Q46umK
AMZ_0142,1740776,1740777,1740775,Sun Oct 29 14:05:51 +0000 2017,<USER_1>,True,@AmazonHelp I provided my account info and order number 1__credit_card__
AMZ_0142,1740776,1740778,1740775,Sun Oct 29 14:02:39 +0000 2017,<USER_1>,True,"@AmazonHelp OR NOTES HMMMMMM WONDER HOW THAT CAN BE. NO PRODUCT NO ORDER, CANCELED, WHAT KIND OF BS IS THIS?????"
AMZ_0142,1740776,1740779,1740777,Sun Oct 29 14:11:10 +0000 2017,<USER_1>,True,"@AmazonHelp I love how easy it is not to put notes in the account, not replacing the order. I've worked in callcenters and would get chewed out"
AMZ_0142,1740776,1740780,1740778,Sun Oct 29 14:16:27 +0000 2017,AmazonHelp,False,<USER_1> I'm sorry for the poor experience! Was the second supervisor able to help you? What options or solutions were offered?  ^JF
AMZ_0142,1740776,1740781,1740780,Sun Oct 29 14:17:58 +0000 2017,<USER_1>,True,@AmazonHelp I got a '20.00' good will and my product won't get here for another 2DAYS! I got jerked around. I'm so angry over this
AMZ_0142,1740776,1740782,1740781,Sun Oct 29 14:19:43 +0000 2017,<USER_1>,True,@AmazonHelp Never in over 10 years with you guys have I ever gotten treated so poorly
AMZ_0143,2119303,2119301,2119303,Wed Nov 08 14:53:00 +0000 2017,AmazonHelp,False,"<USER_1> I'm sorry to hear that James. Without posting account/order specific details, can you let us know what's happened please? ^DC"
AMZ_0143,2119303,2119302,2119301,Wed Nov 08 14:57:12 +0000 2017,<USER_1>,True,"@AmazonHelp Fasle information given, no desire to actually help, just people reading scripts at you, ignoring the actual problem."
AMZ_0143,2119303,2119303,,Wed Nov 08 14:49:52 +0000 2017,<USER_1>,True,Nobody at @AmazonHelp <USER_1> has made me feel like they give a shit about my issues at all in the past 24hrs. Dreadful customer service and has 100% made me reconsider any future purchases.
AMZ_0143,2119303,2119304,2119302,Wed Nov 08 15:05:00 +0000 2017,AmazonHelp,False,"<USER_1> Thanks for the info, James! Without private details, what problem are you exactly having so we can help review together? ^TM"
AMZ_0143,2119303,2119305,2119304,Wed Nov 08 15:06:03 +0000 2017,<USER_1>,True,"@AmazonHelp Failed delivery from Amazon Logistics, just want someone to contact them and make sure they call me if they have trouble finding me."
AMZ_0143,2119303,2119306,2119305,Wed Nov 08 15:07:40 +0000 2017,<USER_1>,True,"@AmazonHelp This is an old example but it’s the same now. It’s a really, really silly problem to have. The address is fine. Nobody wants to help me fix it. https://t.co/6zs0P8zunY"
AMZ_0143,2119303,2119307,2119306,Wed Nov 08 15:10:50 +0000 2017,<USER_1>,True,"@AmazonHelp I'm told ""it'll definitely arrive today"" REPEATEDLY by help because all they are doing is reading tracking. So I wait until the end of the day and repeat the cycle over and over. All because the COURIER WON'T PHONE ME."
AMZ_0143,2119303,2119308,2119307,Wed Nov 08 16:38:21 +0000 2017,<USER_1>,True,"<USER_1> @AmazonHelp Gotta chime in here. Amazon, so many of your problems would be solved if you just opened up basic channels of communication. Can't express how bog standard this approach is, it's pretty much 'Business 101'. Embarrassing!"
AMZ_0144,2111100,2111098,2111100,Wed Nov 08 16:20:43 +0000 2017,AmazonHelp,False,"<USER_1> I'm sorry for the poor experience, Sam! What options were provided when you spoke to customer service? We want to help! ^SD"
AMZ_0144,2111100,2111099,2111098,Wed Nov 08 17:14:53 +0000 2017,<USER_1>,True,"@AmazonHelp I wasn't provided options. I had the defective AmazonBasics adapter refunded, I was assured I didn't need to send back the defective adapter, and I was assured I would not be charged for not returning items I didn't receive."
AMZ_0144,2111100,2111100,,Wed Nov 08 16:15:15 +0000 2017,<USER_1>,True,@AmazonHelp You charged me for replacement items I NEVER RECEIVED. I've called in multiple times and I've wasted hours on this issue already. Do I need to go straight to Amex to sort this out or what? You are the worst company on the planet.
AMZ_0144,2111100,2111101,2111099,Wed Nov 08 17:15:08 +0000 2017,<USER_1>,True,@AmazonHelp Here: https://t.co/J747uOd3fW
AMZ_0144,2111100,2111102,2111101,Wed Nov 08 17:21:30 +0000 2017,AmazonHelp,False,"<USER_1> This isn't what we expect, truly sorry! Please, reach back out to us so we may explore options: https://t.co/Q7Ftz6nj80 ^JE"
AMZ_0144,2111100,2111103,2111102,Wed Nov 08 17:29:42 +0000 2017,<USER_1>,True,"@AmazonHelp ""Exploring options"" isn't going to cut it. You charged me for things I never received. How can I get a supervisor to fix this mess?"
AMZ_0145,258835,258833,258835,Thu Oct 05 20:22:00 +0000 2017,AmazonHelp,False,<USER_1> I'm so sorry for the trouble! We'd like to look at this with you. Please call or chat with us: https://t.co/JzP7hlRCV9 ^MH
AMZ_0145,258835,258834,258833,Thu Oct 05 20:41:07 +0000 2017,<USER_1>,True,@AmazonHelp Can u give me a helpline phone number? I need to speak to a human being to correct this - thank u. It’s an <USER_1> issue
AMZ_0145,258835,258835,,Thu Oct 05 20:15:39 +0000 2017,<USER_1>,True,Wot a joke! @AmazonHelp I paid 4 #amazonprime just got an undelivered notification on an item I needed 4 2morrow &amp; I was in! #primesucks
AMZ_0145,258835,258836,258834,Thu Oct 05 20:43:02 +0000 2017,AmazonHelp,False,<USER_1> Hi! We can be reached at 0800 279 7234. I hope this helps! ^WT
AMZ_0145,258835,258837,258836,Thu Oct 05 20:49:39 +0000 2017,<USER_1>,True,@AmazonHelp Thanx @amazonhelp if only the rest of <USER_1> was as efficient as u.Thanx 4 ur speedy response.Keep ur fingers crossed we can fix this :)
AMZ_0145,258835,258838,258836,Fri Oct 06 19:17:21 +0000 2017,<USER_1>,True,@AmazonHelp Hi @AmazonHelp &amp; <USER_1> just 2 let u know the customerservice number u gave me fixed the problem &amp; I got the parcel 2day- thanku :)
AMZ_0145,258835,258839,258838,Fri Oct 06 19:21:07 +0000 2017,AmazonHelp,False,<USER_1> No worries! We're happy to help out any way we can! Keep us posted if you need us! ^FR
AMZ_0146,612716,612714,612716,Wed Nov 22 13:44:37 +0000 2017,AmazonHelp,False,"<USER_1> Oh no! I'm sorry about this happening. We'd love to assist you with this. Please reach out to us, for further assistance, here: https://t.co/jzvkhdlrK5. Keep us posted! ^GP"
AMZ_0146,612716,612715,612714,Wed Nov 22 14:03:11 +0000 2017,<USER_1>,True,"@AmazonHelp Thank you, Hiding the phone number added an annoying step to stressful incident."
AMZ_0146,612716,612716,,Wed Nov 22 13:28:18 +0000 2017,<USER_1>,True,@AmazonHelp HELP! An outside third party has changed the email address on my account and I cannot get into the account to change it back or to find a phone number to get it fixed.
AMZ_0147,1553211,1553190,1553192,Sat Nov 04 11:14:23 +0000 2017,AmazonHelp,False,"<USER_1> Ricky, por favor llena los datos del siguiente enlace: https://t.co/3VbbUbYsSx, vamos a verificar lo ocurrido. ^AZ"
AMZ_0147,1553211,1553191,1553190,Sat Nov 04 11:31:41 +0000 2017,<USER_1>,True,@AmazonHelp Ya esta.....seguro que quedamos en las mismas yo sin mis paquetes y ustedes tan tranquilos.....
AMZ_0147,1553211,1553192,1553194,Sat Nov 04 10:54:41 +0000 2017,<USER_1>,True,@AmazonHelp Si....está más que verificado....te digo que llevo 1 año siendo Prime y nunca he tenido problemas....
AMZ_0147,1553211,1553193,1553191,Sat Nov 04 11:36:31 +0000 2017,AmazonHelp,False,<USER_1> Vamos a verificar lo sucedido y entraremos en contacto contigo vía correo electrónico. ^AZ
AMZ_0147,1553211,1553194,1553195,Sat Nov 04 10:53:00 +0000 2017,AmazonHelp,False,<USER_1> (2/2) ¿Podrías informarme si todo está correcto? ^AZ
AMZ_0147,1553211,1553195,1553197,Sat Nov 04 10:31:17 +0000 2017,<USER_1>,True,@AmazonHelp No me han brindado nada...solo solo me han dado reembolsos y ninguna solución....
AMZ_0147,1553211,1553196,1553195,Sat Nov 04 10:52:53 +0000 2017,AmazonHelp,False,<USER_1> ¿Has verificado nuestras restricciones de envío en el enlace: https://t.co/BmPWMFJ7JF? (1/2)
AMZ_0147,1553211,1553197,1553198,Sat Nov 04 10:30:36 +0000 2017,AmazonHelp,False,<USER_1> (2/2) una fecha especifica para contactarte con la solución de dicha investigación? ^AZ
AMZ_0147,1553211,1553198,1553200,Sat Nov 04 10:21:03 +0000 2017,<USER_1>,True,@AmazonHelp E inaceptable que esto suceda en Amazon....
AMZ_0147,1553211,1553199,1553198,Sat Nov 04 10:30:00 +0000 2017,AmazonHelp,False,"<USER_1> Entiendo, ya que me informas que nuestros supervisores están investigando tu caso, ¿podrías informarme si te brindaron (1/2)"
AMZ_0147,1553211,1553200,1553204,Sat Nov 04 10:19:00 +0000 2017,AmazonHelp,False,"<USER_1> Lamento lo sucedido Ricky, ¿que respuesta has recibido por parte de nuestros agentes de Servicio al Cliente? ^AZ"
AMZ_0147,1553211,1553201,1553200,Sat Nov 04 10:19:51 +0000 2017,<USER_1>,True,@AmazonHelp De atención al cliente...que ya dos supervisores llevan mi caso y que con respecto al juego no pueden decirme nada que lo comunicaran a los
AMZ_0147,1553211,1553202,1553200,Sat Nov 04 10:22:11 +0000 2017,<USER_1>,True,@AmazonHelp Q nadie nadie tenga una respuesta o solución q no haya nadie en ningún departamento lo suficientemente preparado para resolver el problema
AMZ_0147,1553211,1553203,1553200,Sat Nov 04 10:20:31 +0000 2017,<USER_1>,True,@AmazonHelp Supervisores...y los supervisores dicen que escalarán la investigación y yo mientras sigo sin recibir paquetes y con el problema...increíble
AMZ_0147,1553211,1553204,1553205,Sat Nov 04 10:13:16 +0000 2017,<USER_1>,True,@AmazonHelp Trabajo y en mi vida.....
AMZ_0147,1553211,1553205,1553211,Sat Nov 04 10:08:52 +0000 2017,AmazonHelp,False,"<USER_1> Lamento cualquier inconveniente, ¿podrías comentarnos más sobre lo que ha ocurrido sin publicar detalles de tu cuenta? ^AZ"
AMZ_0147,1553211,1553206,1553205,Sat Nov 04 10:12:16 +0000 2017,<USER_1>,True,@AmazonHelp Hay alguien que realmente tenga la experiencia que me pueda llamar y ayudar alguien que sepa lo que hace....
AMZ_0147,1553211,1553207,1553205,Sat Nov 04 10:09:58 +0000 2017,<USER_1>,True,"@AmazonHelp Desde el 13/10 no recibo paquetes, en atención al cliente no saben que decirme dos supervisoras llevan mi caso y sin respuesta se pasan la"
AMZ_0147,1553211,1553208,1553205,Sat Nov 04 10:13:08 +0000 2017,<USER_1>,True,@AmazonHelp Solía recibir 2/3 paquetes a diarios compro mucho y ahora....ni uno....y nadie dice nada ni resuelven nada....me está afectando en mi
AMZ_0147,1553211,1553209,1553205,Sat Nov 04 10:10:46 +0000 2017,<USER_1>,True,@AmazonHelp Pelota he comprado ayer un vídeojuego Mario oddissey y por la cara de cancela solo estoy muy muy cansado y dolido de la pobreza de servicio
AMZ_0147,1553211,1553210,1553205,Sat Nov 04 10:11:28 +0000 2017,<USER_1>,True,"@AmazonHelp Que me están dando Nadir tiene una respuesta, antes del 13/10 todo era perfecto desde entonces ni 1 paquete y 0 respuestas o solución"
AMZ_0147,1553211,1553211,,Sat Nov 04 10:06:04 +0000 2017,<USER_1>,True,"Que vergüenza y que pobre y mal servicio me lleva dando <USER_1>  desde el 13 de octubre, han perdido a un cliente Premium...."
AMZ_0148,58747,58743,58745,Wed Nov 01 20:43:40 +0000 2017,AmazonHelp,False,"<USER_1> Responses to emails are expected within 12 hours. For faster resolution, please call or chat with us. ^BA"
AMZ_0148,58747,58744,58743,Wed Nov 01 20:45:31 +0000 2017,<USER_1>,True,@AmazonHelp If I rang you at the moment I would end up losing my temper listening to your generic responses. I’m beyond them now. Management can call me
AMZ_0148,58747,58745,58746,Wed Nov 01 20:33:19 +0000 2017,<USER_1>,True,"@AmazonHelp I’ve sent an email, I would like someone from management to call me tomorrow at noon. I am far too angry at the moment to talk to you."
AMZ_0148,58747,58746,58747,Wed Nov 01 20:31:32 +0000 2017,AmazonHelp,False,<USER_1> Let's talk baout this in real time. Please call or chat with us here: https://t.co/cUH0Os614x ^BA
AMZ_0148,58747,58747,,Wed Nov 01 20:28:28 +0000 2017,<USER_1>,True,<USER_1> Yet again JMHC fail to deliver my parcel yet claim they attempted to at 6:28pm! Why do I pay for Prime when orders never reach me?
AMZ_0149,339918,339916,339918,Sun Oct 08 00:10:30 +0000 2017,AmazonHelp,False,<USER_1> That's now what we like to hear. Have we been missing the delivery dates given in your confirmation e-mail? ^GG
AMZ_0149,339918,339917,339916,Sun Oct 08 00:12:47 +0000 2017,<USER_1>,True,@AmazonHelp For the last five orders! Waited 56 mins for a supervisor Jessica to get on the phone with no solution. #Cancelprime
AMZ_0149,339918,339918,,Sun Oct 08 00:07:37 +0000 2017,<USER_1>,True,@AmazonHelp <USER_1>  you guys have literally become the worst amazon prime packages never come on time.#DonewithAmazon
AMZ_0149,339918,339919,339917,Sun Oct 08 00:20:11 +0000 2017,AmazonHelp,False,<USER_1> Are you seeing a trend with the same carrier for your orders? You can check this here: https://t.co/Y5jpI9gRhE ^DW
AMZ_0150,1379037,1379036,1379037,Sat Oct 28 04:11:00 +0000 2017,<USER_1>,False,"<USER_1> Hello, please click the link to DM us with your tracking and phone number. ^E.W. https://t.co/wKJHDXWGRQ"
AMZ_0150,1379037,1379037,,Sat Oct 28 03:59:17 +0000 2017,<USER_1>,True,Seriously <USER_1> &amp; <USER_1>?! What's the sense of preordering if it's not going to make it to my house on release date? Just pathetic. #fail https://t.co/pqfO1ExYso
AMZ_0150,1379037,1379038,1379037,Sat Oct 28 06:38:48 +0000 2017,<USER_1>,True,<USER_1> <USER_1> Back on you <USER_1>. What's going on?! https://t.co/UDqZcszuSW
AMZ_0150,1379037,1382415,1379038,Sat Oct 28 07:02:52 +0000 2017,AmazonHelp,False,<USER_1> Hi Michael- Have you contacted us directly regarding this via the below link: https://t.co/hApLpMlfHN ^NV
AMZ_0151,2665842,2665818,2665819,Tue Oct 31 09:23:00 +0000 2017,AmazonHelp,False,"<USER_1> Hi, as soon as we have new info we'll send you an update right away. ^TS"
AMZ_0151,2665842,2665819,2665820,Tue Oct 31 09:15:34 +0000 2017,<USER_1>,True,<USER_1> @AmazonHelp <USER_1> <USER_1> Probably have to take care of their own first...
AMZ_0151,2665842,2665820,2665834,Tue Oct 31 03:34:40 +0000 2017,<USER_1>,True,@AmazonHelp <USER_1> <USER_1> If your status looks like this be concerned all you can do is hope or call Support so they can read it to you. https://t.co/XqJdlf2twG
AMZ_0151,2665842,2665834,2665837,Tue Oct 31 03:33:09 +0000 2017,<USER_1>,True,"@AmazonHelp <USER_1> <USER_1> In the last year alone, I’ve spent $5780.26 on https://t.co/pA0XgFWouX.  Not counting Prime Membership or Xbox One purchase."
AMZ_0151,2665842,2665837,2665840,Tue Oct 31 03:17:21 +0000 2017,<USER_1>,True,@AmazonHelp <USER_1> <USER_1> I just wait.  I have been since about 10 minutes after they announced preorders.  Amazon sold these for another 20+ hours after I bought it
AMZ_0151,2665842,2665840,2665842,Tue Oct 31 03:15:51 +0000 2017,<USER_1>,True,@AmazonHelp <USER_1> <USER_1> I called to find out why the update didn’t reflect on the website. Only to be transferred 3 times ultimately to a supervisor who suggested..
AMZ_0151,2665842,2665842,,Tue Oct 31 03:14:46 +0000 2017,<USER_1>,True,Well. No Xbox One X for me.  Thanks @AmazonHelp <USER_1> <USER_1> Here’s a picture of a false promise according to Support from tonight https://t.co/w8lQxHoZl0
AMZ_0152,91335,91332,91335,Thu Nov 30 15:21:00 +0000 2017,AmazonHelp,False,"<USER_1> I'm so sorry to hear this, Cindy! We like our customers to have a great experience with us, and it seems we've let you down! Without posting personal account information, tell us more about what's happening. ^FR"
AMZ_0152,91335,91333,91332,Thu Nov 30 16:55:29 +0000 2017,<USER_1>,True,"@AmazonHelp 2/2 i ordered again it too was 'preparing for shipment' for a week. I called and the rep said that 1 item was holding up the shipment and could they send without it, I said yes. I was emailed to say that actually the 1 item was good to go but the rest was cancelled again."
AMZ_0152,91335,91334,91332,Thu Nov 30 16:48:54 +0000 2017,<USER_1>,True,"@AmazonHelp 1/2 -An order was 'preparing for shipment' for 2 weeks then I get an email that it was cancelled so I called to find out why and the rep said I'd need to a supervisor but none was available and I had to call back, i said forget it I'll just place another order."
AMZ_0152,91335,91335,,Thu Nov 30 15:11:10 +0000 2017,<USER_1>,True,"Anyone else been disappointed with <USER_1> lately? I thought having Prime meant 2 day shipping, but on 3 recent orders delivery took a week or longer. And on another issue customer service didn't know how to help me and asked me to call back at another time."
AMZ_0153,2467630,2467627,2467630,Sun Oct 29 21:09:28 +0000 2017,AmazonHelp,False,<USER_1> I'm sorry for this experience. Can you tell us more about what's gone on? ^DO
AMZ_0153,2467630,2467628,2467627,Sun Oct 29 21:27:02 +0000 2017,<USER_1>,True,@AmazonHelp You've spoken to <USER_1> about it. Your supervisor saved your day today because I am appalled at amazon prime now as a company.
AMZ_0153,2467630,2467629,2467627,Sun Oct 29 21:27:57 +0000 2017,<USER_1>,True,"@AmazonHelp Just so you're aware, £5 compensation plasters don't fix gaping wounds in your company."
AMZ_0153,2467630,2467630,,Sun Oct 29 21:06:37 +0000 2017,<USER_1>,True,"21 minutes deep in a phone call with <USER_1>, I don't often loose my temper, but I have now.."
AMZ_0154,2280812,2280809,2280810,Sat Nov 11 20:36:24 +0000 2017,AmazonHelp,False,<USER_1> Oh dear! Sorry about that! Here is a better link to help skip the need to sign in: https://t.co/jzvkhdlrK5 ^ST
AMZ_0154,2280812,2280810,2280811,Sat Nov 11 20:31:15 +0000 2017,<USER_1>,True,@AmazonHelp I have to login to view the page.
AMZ_0154,2280812,2280811,2280812,Sat Nov 11 20:30:42 +0000 2017,AmazonHelp,False,"<USER_1> That could certainly be a problem! When you get a moment, please phone us here: https://t.co/hApLpMlfHN and we'll see what options we have available. ^LB"
AMZ_0154,2280812,2280812,,Sat Nov 11 20:24:51 +0000 2017,<USER_1>,True,@AmazonHelp can’t get into my account as my two step verification is with a phone number that now canceled
AMZ_0155,1159300,1159297,1159300,Tue Oct 24 16:43:01 +0000 2017,AmazonHelp,False,"<USER_1> We'd like to help! Please fill in your details here: https://t.co/hZO3cUmyEB and we will be in touch, Emma! ^MT"
AMZ_0155,1159300,1159298,1159297,Tue Oct 24 16:45:48 +0000 2017,<USER_1>,True,@AmazonHelp I completed the form on the account that doesn't belong to me - the only one I can get into following hacking
AMZ_0155,1159300,1159299,1159297,Tue Oct 24 20:08:32 +0000 2017,<USER_1>,True,@AmazonHelp yet another useless email from account services that does not help with my problem. Will someone just call me!!!
AMZ_0155,1159300,1159300,,Tue Oct 24 16:35:46 +0000 2017,<USER_1>,True,@AmazonHelp Account hacked and no phone call from accounts specialist as promised in 7 days - nothing but the same useless email 5 times.
AMZ_0156,1605622,1605619,1605622,Sun Nov 05 02:28:00 +0000 2017,AmazonHelp,False,<USER_1> I'm sorry for the trouble with streaming! Please contact us directly here: https://t.co/hApLpMlfHN ^SB
AMZ_0156,1605622,1605620,1605619,Sun Nov 05 02:34:00 +0000 2017,<USER_1>,True,@AmazonHelp Super disappointing.
AMZ_0156,1605622,1605621,1605619,Sun Nov 05 02:32:34 +0000 2017,<USER_1>,True,"@AmazonHelp Already missed one fight,now I gotta wait for y'all to call me?  I'll definitely be calling tmrw to make sure I didn't get charged twice, bs"
AMZ_0156,1605622,1605622,,Sun Nov 05 02:09:52 +0000 2017,<USER_1>,True,<USER_1> what the hells wrong with the UFC app on the fire stick!? I ordered the fight and it says my order was submitted and it's not loadin
AMZ_0157,2184549,2184546,2184549,Thu Nov 09 18:19:06 +0000 2017,AmazonHelp,False,"<USER_1> I'm sorry for the poor experience! Without providing any personal/account information, can you tell us more about the issue? While we don't have access to your Amazon account through Twitter, we'd like to assist the best we can. ^SJ"
AMZ_0157,2184549,2184547,2184546,Thu Nov 09 18:23:32 +0000 2017,<USER_1>,True,@AmazonHelp But account security is currently my biggest concern
AMZ_0157,2184549,2184548,2184546,Thu Nov 09 18:22:26 +0000 2017,<USER_1>,True,@AmazonHelp There are enough characters to list all my issues. Call me and I will happily tell you.
AMZ_0157,2184549,2184549,,Thu Nov 09 18:12:08 +0000 2017,<USER_1>,True,<USER_1> you can not begin to understand how frustrated I am getting with your incapable call centre!!!!
AMZ_0158,554602,554600,554602,Sat Dec 02 20:26:35 +0000 2017,AmazonHelp,False,<USER_1> Please reach out to us here: https://t.co/JzP7hlA23B so we can look into this with. We'd like to help! ^ZW
AMZ_0158,554602,554601,554600,Sat Dec 02 20:32:24 +0000 2017,<USER_1>,True,@AmazonHelp It was through prime now so I can't select the order
AMZ_0158,554602,554602,,Sat Dec 02 20:23:08 +0000 2017,<USER_1>,True,"Um my driver just rolled up 20 minutes late and is just sitting outside in his car doing nothing, asked him and he said he didn't have the package.. <USER_1> https://t.co/3cfJYajC84"
AMZ_0158,554602,554603,554601,Sat Dec 02 20:41:00 +0000 2017,AmazonHelp,False,"<USER_1> You can select any order, and you'll be able to explain the issue to the agent you speak to. Let us know what information they provide. ^ZW"
AMZ_0158,554602,554604,554603,Sat Dec 02 23:36:24 +0000 2017,<USER_1>,True,"@AmazonHelp The guy that was delivering it cancelled my order saying that I wasn't in and never came to deliver the package, your app is now saying I am not due a refund."
AMZ_0158,554602,554605,554604,Sat Dec 02 23:52:00 +0000 2017,AmazonHelp,False,"<USER_1> Hello, Ollie! We certainly want to help! Please reach out to us here: https://t.co/JzP7hlA23B. You may select any order to be connected to one of our representatives and they will be able to look into this order for you. ^NS"
AMZ_0158,554602,554606,554605,Sat Dec 02 23:55:17 +0000 2017,<USER_1>,True,@AmazonHelp Amazon I'm telling you my prime now orders do not show up on my regular amazon orders list
AMZ_0158,554602,554607,554606,Sun Dec 03 00:01:00 +0000 2017,AmazonHelp,False,"<USER_1> Sorry! You can contact a PrimeNow agent directly, here: https://t.co/V3yDlcH2Rf Please keep us posted! ^LB"
AMZ_0158,554602,554608,554607,Sun Dec 03 00:01:54 +0000 2017,<USER_1>,True,@AmazonHelp Sent an email!
AMZ_0159,1342518,1342517,1342518,Mon Oct 16 13:34:04 +0000 2017,AmazonHelp,False,<USER_1> Unser Antwort findest du hier: https://t.co/xMpLGesyh2 ^SK
AMZ_0159,1342518,1342518,,Mon Oct 16 13:22:18 +0000 2017,<USER_1>,True,"Komisch, bei Amazon steht ""Lieferung Heute"" bei der DHL Sendeverfolgung steht gerade mal das der Auftrag gestern elektronisch übermittelt worden sind und mehr nicht. <USER_1> <USER_1> @AmazonHelp"
AMZ_0159,1342518,1342519,1342518,Mon Oct 16 13:34:00 +0000 2017,AmazonHelp,False,<USER_1> Unser Kundenservice prüft das gerne mal für dich: https://t.co/5Mzg3Bd8b1 ^SK
AMZ_0160,2933528,2933526,2933528,Wed Nov 29 09:41:30 +0000 2017,AmazonHelp,False,"<USER_1> Bonjour Audrey, je suis désolée d'apprendre cela. Pouvez-vous me confirmer si vous avez récupéré votre colis, je vous prie ? ^SB"
AMZ_0160,2933528,2933527,2933526,Wed Nov 29 09:42:26 +0000 2017,<USER_1>,True,"@AmazonHelp Non pas encore. J’irai ce soir après le travail. Le libraire me connaît bien, on devrait retrouver facilement mon 📦 :)"
AMZ_0160,2933528,2933528,,Wed Nov 29 09:31:51 +0000 2017,<USER_1>,True,Un sms de <USER_1> pour un colis disponible en point relais. De nouveau pas de trace de l’avis <USER_1> et de leurs passages imaginaires... Et ils osent faire la pub pour tes préférences en cas d’absence. LOL de compétition. <USER_1>
AMZ_0160,2933528,2933529,2933527,Wed Nov 29 09:45:00 +0000 2017,AmazonHelp,False,"<USER_1> D'accord, tenez-nous au courant ;) ^FT"
AMZ_0160,2933528,2933530,2933529,Wed Nov 29 09:50:33 +0000 2017,<USER_1>,True,@AmazonHelp Promis ! Bonne journée !
AMZ_0160,2933528,2933531,2933530,Wed Nov 29 09:53:28 +0000 2017,AmazonHelp,False,<USER_1> Bonne journée à vous aussi. ^SB
AMZ_0160,2933528,2933532,2933531,Fri Dec 01 18:26:09 +0000 2017,<USER_1>,True,@AmazonHelp Voilà j’ai tout ! :) Bonne soirée et bon week-end !
AMZ_0161,1058037,1058035,1058037,Mon Oct 23 12:22:30 +0000 2017,AmazonHelp,False,"<USER_1> Hola Cygnus, seria Amazon Appstore. 😊 ^DA"
AMZ_0161,1058037,1058036,1058035,Mon Oct 23 14:35:37 +0000 2017,<USER_1>,True,@AmazonHelp ¡Gracias!
AMZ_0161,1058037,1058037,,Mon Oct 23 11:48:34 +0000 2017,<USER_1>,True,<USER_1> ¿Cómo se llama oficialmente vuestra tienda de apps en España? ¿Amazon Appstore o Tienda Apps de Amazon? Veo 2 versiones en la web
AMZ_0161,1058037,1058038,1058036,Mon Oct 23 15:01:00 +0000 2017,AmazonHelp,False,"<USER_1> Con gusto, estamos para asistirte. Cualquier consulta no dudes en contactarnos. ^KS"
AMZ_0162,2200679,2200678,2200679,Sun Nov 26 14:22:56 +0000 2017,AmazonHelp,False,"<USER_1> Hola. Disculpa los inconvenientes. ¿Ya has configurado Prime Video en tu dispositivo?.
En caso de que no sea así, puedes seguir las instrucciones del siguiente enlace: https://t.co/plYyWt2YPH
^DB"
AMZ_0162,2200679,2200679,,Sun Nov 26 14:16:09 +0000 2017,<USER_1>,True,<USER_1> por qué no puedo ver haikyuu desde la tele con prime? :(((
AMZ_0163,975746,975744,975746,Sat Oct 14 07:35:49 +0000 2017,AmazonHelp,False,<USER_1> Did you receive a refund when the item was returned to us? ^AS
AMZ_0163,975746,975745,975744,Sat Oct 14 07:42:13 +0000 2017,<USER_1>,True,@AmazonHelp It was fulfilled by Amazon but all Amazons fault. It’s not been returned  as they keep trying to deliver. My moneys tied up.
AMZ_0163,975746,975746,,Sat Oct 14 07:32:17 +0000 2017,<USER_1>,True,@AmazonHelp I’m disgusted at my treatment of Amazon wrong order sent my charged £554 and never cancelled. I said I’d except was offered £5!
AMZ_0164,594575,594573,594575,Sun Dec 03 18:23:31 +0000 2017,AmazonHelp,False,<USER_1> I'm sorry for your trouble! Have you tried restarting your Alexa device? Let's also check to see if the skill requires any special permissions. You can check out the steps here: https://t.co/fWpJwWJCLH ^VF
AMZ_0164,594575,594574,594573,Sun Dec 03 19:49:33 +0000 2017,<USER_1>,True,"@AmazonHelp Solved: This issue only happens on the Android app with Skills that require login. Just had the same issue with the following Skills: Ring, Yonomi, Harmony, TPLINK Kasa &amp; Hue. All sorted when using desktop though."
AMZ_0164,594575,594575,,Sun Dec 03 18:08:57 +0000 2017,<USER_1>,True,Struggling to enable <USER_1> KASA skill on <USER_1> i enter my login details but it just goes back to homescreen &amp; asks me to enable again. Any help? <USER_1> <USER_1> #Echo #Alexa
AMZ_0165,2636844,2636843,2636844,Fri Nov 17 20:37:00 +0000 2017,AmazonHelp,False,"<USER_1> I'm sorry for the way your item was delivered! This isn't the expectation we've set. We'd like to look into this with you. When you have a moment, please contact us by phone or chat here: https://t.co/qy3J24VGxb ^AC"
AMZ_0165,2636844,2636844,,Fri Nov 17 20:34:03 +0000 2017,<USER_1>,True,"Dear <USER_1> just received my damaged  #morrissey new vin album pre ordered , sadly delivered not by you but by a kind neighbour who found it in their wheelie bin 1/2 a mile away? I’ve been at home all day ...  fix and explain please ? #Mozarmy #smiths #morrisseyday https://t.co/db7nIo4SDe"
AMZ_0165,2636844,2636845,2636844,Fri Nov 17 20:49:56 +0000 2017,<USER_1>,True,"<USER_1> <USER_1> At least you got yours...eventually. I’m currently talking to them, trying to work out how the driver couldn’t find (and therefore couldn’t deliver on time) where I’m living on a fairly regular housing estate"
AMZ_0165,2636844,2638466,2636845,Fri Nov 17 20:56:30 +0000 2017,AmazonHelp,False,"<USER_1> Keep us updated on your delivery, Chris! We want to make sure this arrives safe and sound! ^FR"
AMZ_0165,2636844,2638467,2638466,Fri Nov 17 21:17:42 +0000 2017,<USER_1>,True,"@AmazonHelp Portia in your customer service centre was superb. However, the blame appears to fall firmly at the door of your delivery driver. They scanned out the order, but it has never arrived. What was the point in me pre-ordering?!"
AMZ_0165,2636844,2638468,2638466,Sun Nov 19 10:14:02 +0000 2017,<USER_1>,True,"@AmazonHelp The order arrived yesterday, thank you 👍🏻"
AMZ_0166,1206850,1206848,1206850,Wed Oct 25 09:26:56 +0000 2017,AmazonHelp,False,"<USER_1> Our prices may decrease based on a number of factors and unfortunately, we can’t offer you a refund for the difference ^KM"
AMZ_0166,1206850,1206849,1206848,Wed Oct 25 09:29:01 +0000 2017,<USER_1>,True,@AmazonHelp But I can return the item for free and buy one at the cheaper price. Do you see how it's in both our interests to avoid that?
AMZ_0166,1206850,1206850,,Wed Oct 25 09:21:22 +0000 2017,<USER_1>,True,"@AmazonHelp, I bought a Kindle Paperwhite recently and now price has dropped. I'm having trouble getting someone to refund the difference."
AMZ_0166,1206850,1206851,1206849,Wed Oct 25 09:42:33 +0000 2017,AmazonHelp,False,<USER_1> You'll have to contact here: https://t.co/JzP7hlA23B for available options. ^RS
AMZ_0166,1206850,1206852,1206851,Wed Oct 25 09:44:38 +0000 2017,<USER_1>,True,@AmazonHelp I've done that already. Having trouble finding someone with the freedom to make a logical decision. Should I go straight to <USER_1>?
AMZ_0167,2856564,2856560,2856561,Mon Nov 27 21:38:32 +0000 2017,AmazonHelp,False,"<USER_1> Con mucho gusto, Pablo. Cualquier consulta no dudes en contactarnos, estamos para asistirte. ^KS"
AMZ_0167,2856564,2856561,2856563,Mon Nov 27 21:28:38 +0000 2017,<USER_1>,True,@AmazonHelp Genial. Gracias!
AMZ_0167,2856564,2856562,2856561,Tue Nov 28 01:08:58 +0000 2017,<USER_1>,True,"<USER_1> @AmazonHelp Te lo dije, que no me crees"
AMZ_0167,2856564,2856563,2856564,Mon Nov 27 21:23:33 +0000 2017,AmazonHelp,False,"<USER_1> Hola Pablo, Amazon Prime Video es un beneficio que incluye tu suscripción Amazon Prime, por lo tanto no tiene costos adicionales más allá de la anualidad de la suscripción. Puedes verificar más información de los beneficios de Prime aquí: https://t.co/gmJISqOSC8. ^MZ"
AMZ_0167,2856564,2856564,,Mon Nov 27 21:04:37 +0000 2017,<USER_1>,True,Hola <USER_1> mi suscripción a Prime incluye Amazon Video de forma permanente? O tendrá costes adicionales después del primer mes? No me queda claro en la publicidad. Gracias!
AMZ_0168,2266823,2266811,2266813,Sat Nov 11 07:24:28 +0000 2017,AmazonHelp,False,"<USER_1> Hi, that's strange. Have you tried uninstalling / reinstalling the app? This usually fixes intermittent issues. Also, have you tried another browser from your notebook? ^TP"
AMZ_0168,2266823,2266812,2266811,Sat Nov 11 07:41:51 +0000 2017,<USER_1>,True,@AmazonHelp Yes.  I just wrote that it works in mobile Safari and Chrome.  It does not work in Firefox on my notebook or iPhone.
AMZ_0168,2266823,2266813,2266820,Sat Nov 11 07:02:57 +0000 2017,<USER_1>,True,"@AmazonHelp It’s not that.  It doesn’t appear as a feature in my iPhone app, in the mobile browser, the browser set to ‘Desktop Version’ or in the browser on my notebook."
AMZ_0168,2266823,2266814,2266812,Sat Nov 11 07:57:32 +0000 2017,AmazonHelp,False,"<USER_1> Hi, Thanks for that information. We certainly want to look into this further for you. Are you able to reach out to us directly with the link provided by ^KL ? ^CR"
AMZ_0168,2266823,2266815,2266814,Sat Nov 11 08:06:37 +0000 2017,<USER_1>,True,"@AmazonHelp Do you mean that you would like me to do that now?  I just wanted to confirm that Amazon had not nerfed the feature.  Now that you guys are aware of the problem, someone can address it.  Meanwhile, I’ll just use a different browser to search my wish lists."
AMZ_0168,2266823,2266816,2266814,Sat Nov 11 07:58:28 +0000 2017,<USER_1>,True,@AmazonHelp I haven’t tried yet but I don’t see why not.
AMZ_0168,2266823,2266817,2266816,Sat Nov 11 08:16:30 +0000 2017,AmazonHelp,False,"<USER_1> Hi, the reason why we would ask you contact us so we may have a specialist look into the matter. We would not have access to your account via Twitter and we would like to get this addressed. ^CR"
AMZ_0168,2266823,2266818,2266817,Sat Nov 11 08:26:40 +0000 2017,<USER_1>,True,"@AmazonHelp It doesn’t seem like the problem is particular to my account, given that the Search feature appears in the other browsers in both desktop and mobile modes.  The fact that it is an issue with FF on both my phone and my notebook suggests it’s a FF issue."
AMZ_0168,2266823,2266819,2266813,Sat Nov 11 07:18:18 +0000 2017,<USER_1>,True,@AmazonHelp It’s a Firefox issue.  Safari and Chrome work.  Firefox is my regular browser and it worked fine with that site feature just a day or two ago.  It would seem that some change in the code is the cause.
AMZ_0168,2266823,2266820,2266821,Sat Nov 11 05:56:25 +0000 2017,AmazonHelp,False,"<USER_1> Have you tried clearing out your cache and cookies on your browser and then opening the site again? If that doesn't work, please contact us via phone or chat here: https://t.co/hApLpMlfHN so we may troubleshoot in real-time. ^KL"
AMZ_0168,2266823,2266821,2266822,Sat Nov 11 05:46:14 +0000 2017,<USER_1>,True,@AmazonHelp It’s not there either and it needs to also be available in the mobile apps. https://t.co/CCuNlPKWL6
AMZ_0168,2266823,2266822,2266823,Sat Nov 11 04:10:25 +0000 2017,AmazonHelp,False,"<USER_1> The feature is still available on the web-view. Just go to Your Lists, and on the left is the search bar for Fine Items Across Your Lists. ^BH"
AMZ_0168,2266823,2266823,,Sat Nov 11 04:03:30 +0000 2017,<USER_1>,True,@AmazonHelp Have you done away with the ‘Search across all wish lists’ feature?  Please say ‘no’.
AMZ_0168,2266823,2266935,2266819,Mon Nov 13 18:54:08 +0000 2017,<USER_1>,True,<USER_1> @AmazonHelp Gone for me in Chrome today.
AMZ_0168,2266823,2266936,2266935,Fri Nov 17 06:08:31 +0000 2017,<USER_1>,True,<USER_1> @AmazonHelp No kidding?  I decided that it was definitely a FF problem.  Hmmm . . .
AMZ_0168,2266823,2266937,2266936,Fri Nov 17 13:14:54 +0000 2017,<USER_1>,True,"<USER_1> @AmazonHelp Nope. Not just FF. I found a way to hack the page to bring it back though. Someone could easily create a greasemonkey script from what I posted, I just haven't had the time to do it yet."
AMZ_0169,490612,490608,490610,Fri Dec 01 16:39:33 +0000 2017,AmazonHelp,False,<USER_1> Oh no! I am so sorry for this experience! Contact us here so we can look into this and review the options with you  https://t.co/JzP7hlA23B ^DJ
AMZ_0169,490612,490609,490608,Fri Dec 01 16:41:41 +0000 2017,<USER_1>,True,"@AmazonHelp I’ve already been on the phone to one of your colleagues and I cancelled the order , it doesn’t help my girlfriend feeling I’ve not bothered though ."
AMZ_0169,490612,490610,490611,Fri Dec 01 16:35:20 +0000 2017,<USER_1>,True,@AmazonHelp Well I ordered a Yankee candle advert calendar on the 23rd of Nov . Was suppose to be here today still not dispatch . 🤷🏻‍♂️
AMZ_0169,490612,490611,490612,Fri Dec 01 16:30:00 +0000 2017,AmazonHelp,False,"<USER_1> I'm sorry for the poor experience! Without including any account details, can you tell us more about what's happened?"
AMZ_0169,490612,490612,,Fri Dec 01 16:26:43 +0000 2017,<USER_1>,True,Disappointed with <USER_1> . Disappointed girlfriend too. I think twice ordering again 😠
AMZ_0170,2663187,2663186,2663187,Sun Nov 19 08:34:54 +0000 2017,AmazonHelp,False,<USER_1> Amazonが発送する商品の場合は、こちらのリンクよりカスタマーサービスにお問い合わせください。https://t.co/J6YEizo6qC 出品者が発送する商品の場合は、出品者にお問い合わせください。https://t.co/ZXCXcbN3Tv TN
AMZ_0170,2663187,2663187,,Sun Nov 19 08:17:47 +0000 2017,<USER_1>,True,マケプレだからAmazonに言ってもダメなんだろうし17円のために文句つけるのもめんどいから放置でいいか
AMZ_0170,2663187,2663188,2663187,Sun Nov 19 08:34:54 +0000 2017,AmazonHelp,False,<USER_1> ご心配をおかけしております。お届け予定日は過ぎておりますでしょうか？お届け予定日内である場合には、恐れ入りますが、いましばらくお待ちください。万が一お届け予定日を過ぎている場合には、あとにご案内するそれぞれの方法でお問い合わせください。 TN
AMZ_0170,2663187,2663189,2663188,Sun Nov 19 09:09:29 +0000 2017,<USER_1>,True,@AmazonHelp 予定日が11日なのでだいぶ過ぎてます。おそらく出品者の発送ですので記載していただいたフォームに書いて送信しておきました、ありがとうございます
AMZ_0170,2663187,2663190,2663189,Sun Nov 19 09:12:51 +0000 2017,AmazonHelp,False,<USER_1> ご迷惑をお掛けし申し訳ございません。恐れ入りますが、出品者からの返答をお待ちください。TN
AMZ_0171,2299308,2299306,2299308,Sun Nov 12 15:44:35 +0000 2017,AmazonHelp,False,"<USER_1> I'm sorry for the trouble with the delivery! Without providing personal or account info, can you tell us a bit more about the situation? We also want to make sure we’re providing the best solution. Which one of our websites/marketplaces do you use with us? ^TG"
AMZ_0171,2299308,2299307,2299306,Sun Nov 12 15:46:05 +0000 2017,<USER_1>,True,@AmazonHelp Package was delivered to incorrect house on my street when my house number is correct on my amazon account.
AMZ_0171,2299308,2299308,,Sun Nov 12 15:30:32 +0000 2017,<USER_1>,True,<USER_1> Make sure your delivery drivers can read numbers before you send them out on routes
AMZ_0171,2299308,2299309,2299307,Sun Nov 12 16:04:00 +0000 2017,AmazonHelp,False,<USER_1> Please reach out to us here: https://t.co/hApLpMlfHN so we can look into available options with you. We'd like to help! ^ZW
AMZ_0172,511710,511709,511710,Fri Dec 01 23:04:31 +0000 2017,AmazonHelp,False,"<USER_1> I apologize for any inconvenience.  We would love to work with you to make sure the issue is resolved.  The link to contact us from also provides a chat option, give us another chance thru chat using:  https://t.co/hApLpMlfHN ^CH"
AMZ_0172,511710,511710,,Fri Dec 01 22:48:53 +0000 2017,<USER_1>,True,<USER_1> wasted my 30 min call plan in a freaking phone call to change an address to an amazon locker. At the end they never cancel the other https://t.co/CY8FTLcGBk
AMZ_0173,2305792,2305791,2305792,Sun Nov 12 23:59:31 +0000 2017,AmazonHelp,False,"<USER_1> Oh no! I'm sorry to hear this has happened. Have you contacted us regarding this issue yet? If not, you can do so here: https://t.co/hApLpMlfHN via chat or phone. ^AY"
AMZ_0173,2305792,2305792,,Sun Nov 12 23:54:15 +0000 2017,<USER_1>,True,Oh and guess what! MY ACCOUNT IS OVERDRAWN BECAUSE AMAZON DECIDED TO CHARGE ME THE $99 dollars ! #yesimpoor and no I don’t have $100 to spare amazon !!!! <USER_1>  you are taking over the world but you suck
AMZ_0174,1375301,1375299,1375301,Thu Oct 19 03:03:03 +0000 2017,AmazonHelp,False,"<USER_1> One-Day Shipping refers to transit time, in business days, once shipped. Has your delivery date been changed? ^JR"
AMZ_0174,1375301,1375300,1375299,Thu Oct 19 03:11:40 +0000 2017,<USER_1>,True,@AmazonHelp So if I ordered yesterday. Today it would be shipped. So that means it’s 1 full day today and potential arrival tomorrow or Friday. Not MON.
AMZ_0174,1375301,1375301,,Thu Oct 19 02:52:47 +0000 2017,<USER_1>,True,I bought a t-rex costume on my prime account Tuesday and paid extra for 1 day shipping. And it says it’s not coming until Monday. <USER_1>
AMZ_0174,1375301,1375302,1375300,Thu Oct 19 03:15:08 +0000 2017,AmazonHelp,False,<USER_1> Not all items are able to ship right away. You can check the current status of your order here: https://t.co/Y5jpI9gRhE ^JA
AMZ_0174,1375301,1375303,1375302,Thu Oct 19 03:16:44 +0000 2017,<USER_1>,True,@AmazonHelp I’m appalled. So what am I paying for exactly?
AMZ_0175,2347790,2347783,2347785,Mon Nov 13 16:47:33 +0000 2017,AmazonHelp,False,<USER_1> Some items aren't able to be shipped immediately. Are the delivery dates given on your order confirmation e-mail being missed? ^AN
AMZ_0175,2347790,2347784,2347783,Mon Nov 13 17:02:39 +0000 2017,<USER_1>,True,@AmazonHelp Yes. Everything ive ordered lately has shipped AFTER the date given in the confirmation. The item I was supposed to receive today turned up out of stock suddenly
AMZ_0175,2347790,2347785,2347789,Mon Nov 13 16:33:49 +0000 2017,<USER_1>,True,@AmazonHelp No specific carrier because the delay always comes before the items are actually picked up
AMZ_0175,2347790,2347786,2347784,Mon Nov 13 17:49:55 +0000 2017,AmazonHelp,False,"<USER_1> At times, when we know there are likely to be delays we will extend the delivery estimates for customers orders so that we are providing them with an accurate delivery promise at checkout. Have your delivery dates been updated after the initial confirmation? ^RD"
AMZ_0175,2347790,2347787,2347786,Mon Nov 13 18:00:57 +0000 2017,<USER_1>,True,@AmazonHelp This has happened with every order lately.
AMZ_0175,2347790,2347788,2347787,Mon Nov 13 18:05:31 +0000 2017,AmazonHelp,False,<USER_1> Let us look into this with you further. Use this link so that we may do so: https://t.co/hApLpMlfHN ^DO
AMZ_0175,2347790,2347789,2347790,Mon Nov 13 16:30:32 +0000 2017,AmazonHelp,False,"<USER_1> Oh no! To clarify, are you having issues with a specific carrier, or something else? We're here to help any way we can! ^KN"
AMZ_0175,2347790,2347790,,Mon Nov 13 16:16:25 +0000 2017,<USER_1>,True,Ever since <USER_1> rolled out their new shipping interface I've had nothing but trouble. Everything is delayed and one item suddenly turned up out of stock after pending since Wednesday.
AMZ_0176,2450592,2450591,2450592,Sun Oct 29 16:46:00 +0000 2017,AmazonHelp,False,"<USER_1> I'm sorry, I'd like a member of our team to take a look. Please provide your details here: https://t.co/qEe2H2X1cY ^AN"
AMZ_0176,2450592,2450592,,Sun Oct 29 16:38:33 +0000 2017,<USER_1>,True,What the hell is this @AmazonHelp? I selected that I’m ♿️ &amp; need a low locker. Act of hate by deliverer? Had to scream at strangers for help https://t.co/tB0jEZavDe
AMZ_0176,2450592,2450593,2450592,Sun Oct 29 17:23:59 +0000 2017,<USER_1>,True,"<USER_1> @AmazonHelp This is me trying to buy raspberries, they're always too high for me to reach"
AMZ_0176,2450592,2451658,2450593,Sun Oct 29 17:41:00 +0000 2017,AmazonHelp,False,"<USER_1> We would like to look into this, provide some additional details using the form provided here: https://t.co/tmdReYR792 ^CH"
AMZ_0176,2450592,2451659,2451658,Sun Oct 29 17:47:09 +0000 2017,<USER_1>,True,@AmazonHelp It's <USER_1> you need to speak to
AMZ_0176,2450592,2451660,2450593,Sun Oct 29 17:25:31 +0000 2017,<USER_1>,True,<USER_1> @AmazonHelp But supermarkets don't give you the option to select a button if you need raspberries on the bottom shelves.
AMZ_0176,2450592,2452537,2452539,Sun Oct 29 18:06:26 +0000 2017,AmazonHelp,False,"<USER_1> We want to look into this, please provide some additional details using the form provided: https://t.co/af1NsLSpFo ^CH"
AMZ_0176,2450592,2452538,2452537,Sun Oct 29 18:11:30 +0000 2017,<USER_1>,True,"@AmazonHelp I already gave you the details once, have you lost them and need them again?"
AMZ_0176,2450592,2452539,2451660,Sun Oct 29 17:26:28 +0000 2017,<USER_1>,True,"<USER_1> @AmazonHelp I don't know why Amazon do either if they're going to ignore people selecting ""I'm disabled, always put my items in low lockers."""
AMZ_0177,827938,827936,827938,Fri Oct 13 02:17:31 +0000 2017,AmazonHelp,False,<USER_1> Apologies for the delay in delivering your order. Please share your details here: https://t.co/GIJyeYqKE0 I'll reach &amp; assist. ^SV
AMZ_0177,827938,827937,827936,Sat Oct 14 05:03:40 +0000 2017,<USER_1>,True,@AmazonHelp Amazon s worst..inspite of 2 times complaint 2 customer care no delivery yet after 3 days of standard delivery time.. <USER_1> is best
AMZ_0177,827938,827938,,Fri Oct 13 02:00:41 +0000 2017,<USER_1>,True,<USER_1> pathetic service.. ordered a product suppose 2 come Wednesday no delivery attempt made n delivery dalayed..2 days over no delivery
AMZ_0177,827938,827939,827937,Sat Oct 14 05:34:28 +0000 2017,AmazonHelp,False,"<USER_1> We haven't received your details yet, kindly fill in your details in the link provided earlier and we'll look into it. ^EM"
AMZ_0178,608119,608118,608119,Wed Nov 22 12:15:00 +0000 2017,AmazonHelp,False,"<USER_1> Hola, lamentamos el inconveniente. Te recomendamos esperar la respuesta por parte de <USER_1> o bien te puedes poner en contacto con el transportista siguiendo la informacion del siguiente enlace: https://t.co/kYw0Yv4igD ^FZ"
AMZ_0178,608119,608119,,Wed Nov 22 12:09:08 +0000 2017,<USER_1>,True,"<USER_1> buenos días, ayer y hoy tenía que llegarme un paquete a las 9, viendo que no llegaba me iba a trabajar.
Bien, los dos días Amazon me notifica que se ha intentado entregar, obviamente fuera de la hora.
Del repartidor de Seur no sé nada de nada. Call me!"
AMZ_0179,421532,421531,421532,Tue Oct 10 08:40:00 +0000 2017,AmazonHelp,False,"<USER_1> Please don’t provide your order details, we consider them as personal info. Our Twitter page is visible to public. (3/3)^VM"
AMZ_0179,421532,421532,,Tue Oct 10 08:17:37 +0000 2017,<USER_1>,True,"<USER_1> @AmazonHelp brought shoes still not delivered. Expected delivery was 3.10
17. Track id 710391442845. Worst service ever."
AMZ_0179,421532,421534,421532,Tue Oct 10 08:39:30 +0000 2017,AmazonHelp,False,<USER_1> Please drop your details here: https://t.co/MorxJ5Li3d and we'll reach out to you. (2/3) ^VM
AMZ_0179,421532,421535,421532,Tue Oct 10 08:39:00 +0000 2017,AmazonHelp,False,<USER_1> I understand the gravity of the situation. Let us help resolve the issue for you. (1/3) ^VM
AMZ_0179,421532,421536,421532,Tue Oct 10 10:20:34 +0000 2017,<USER_1>,True,<USER_1> @AmazonHelp If u understand the gravity then it will never happened  .....just tell where is my order....trimmer
AMZ_0179,421532,421537,421532,Tue Oct 10 10:18:21 +0000 2017,<USER_1>,True,<USER_1> @AmazonHelp My order id 4__credit_card__ dont receive 1 formal shoes ordered on 24th sep but still not received..worst service ..fed up with amazone
AMZ_0179,421532,423203,421536,Tue Oct 10 10:42:28 +0000 2017,AmazonHelp,False,<USER_1> please reach us via the link provided earlier and we'll reach out to you soon. (2/2) ^VM
AMZ_0179,421532,423204,421536,Tue Oct 10 10:42:24 +0000 2017,AmazonHelp,False,"<USER_1> We understand there has been an inconvenience. However, for us to assist you better,(1/2) ^VM"
AMZ_0179,421532,423539,421537,Tue Oct 10 10:45:30 +0000 2017,AmazonHelp,False,<USER_1> Please don’t provide your order details as we consider them to be personal info. Our page is visible to the public. ^NS
AMZ_0180,1824718,1824715,1824718,Wed Oct 18 04:28:50 +0000 2017,AmazonHelp,False,"<USER_1> That's quite a remark, could you please elaborate on where we missed? ^AH"
AMZ_0180,1824718,1824716,1824715,Wed Oct 18 04:52:39 +0000 2017,<USER_1>,True,"@AmazonHelp Actually ,I got self return for my order but I have tried more than 10 courier services but all of them denied.so plz help"
AMZ_0180,1824718,1824717,1824715,Wed Oct 18 07:18:34 +0000 2017,<USER_1>,True,@AmazonHelp You just open my amazon account . my registered email - __email__.
AMZ_0180,1824718,1824718,,Wed Oct 18 03:38:02 +0000 2017,<USER_1>,True,<USER_1> when will you solve my issue. You are making fake promises from 2 weeks.
AMZ_0180,1824718,1824719,1824716,Wed Oct 18 05:07:24 +0000 2017,AmazonHelp,False,<USER_1> Please try with Indian postal service. They will be able to assist you. ^RW
AMZ_0180,1824718,1824720,1824719,Wed Oct 18 05:16:44 +0000 2017,<USER_1>,True,@AmazonHelp I have tried Indian postal service 2 times but they denied.
AMZ_0180,1824718,1824721,1824720,Wed Oct 18 05:36:30 +0000 2017,AmazonHelp,False,<USER_1> Have you reported it to our support team here:  https://t.co/TxK11znixD ^HR
AMZ_0180,1824718,1824722,1824721,Wed Oct 18 06:54:05 +0000 2017,<USER_1>,True,"@AmazonHelp Yes more than 30 times but they were making me fool , I want new product otherwise I want my money back ."
AMZ_0180,1824718,1824723,1824722,Wed Oct 18 07:15:24 +0000 2017,AmazonHelp,False,<USER_1> back to you. 2/2 ^SH
AMZ_0180,1824718,1824724,1824722,Wed Oct 18 07:15:24 +0000 2017,AmazonHelp,False,"<USER_1> I'd like to assist you with the issue, please provide your details here: 
 https://t.co/6vp4GeJ40s and I'll get 1/2 ^SH"
AMZ_0180,1824718,1824725,1824717,Wed Oct 18 07:47:34 +0000 2017,AmazonHelp,False,"<USER_1> Also, please don't provide your order/account details as we consider them to be personal information. ^HK"
AMZ_0180,1824718,1824726,1824717,Wed Oct 18 07:47:33 +0000 2017,AmazonHelp,False,"<USER_1> As requested, please submit your details through the link shared and we'll reach out to you. ^HK"
AMZ_0181,361023,361022,361023,Sun Oct 08 17:20:32 +0000 2017,AmazonHelp,False,<USER_1> limited to certain products sold on the Amazon.in website. You may refer the following link:https://t.co/gXeRLAmFMp 2/2 ^NK
AMZ_0181,361023,361023,,Sun Oct 08 14:18:13 +0000 2017,<USER_1>,True,Hey @AmazonHelp <USER_1> I have amazon prime and am ordering stuff of 607 rs why am I being charged 90 as delivery fee?
AMZ_0181,361023,361024,361023,Sun Oct 08 17:20:32 +0000 2017,AmazonHelp,False,"<USER_1> Prime delivery benefits depends upon inventory availability, order deadlines, and the delivery address. They are 1/2 ^NK"
AMZ_0182,351666,351665,351666,Sun Oct 08 12:11:00 +0000 2017,AmazonHelp,False,<USER_1> Kindly reply to the email correspondence you've received from us and we'll check this. ^YP
AMZ_0182,351666,351666,,Sun Oct 08 10:19:36 +0000 2017,<USER_1>,True,"@AmazonHelp  I don't want my order anymore, don't want a replacement too. Please refund my money and everything would be fine... pleeease https://t.co/k8FQV74nAx"
AMZ_0182,351666,351667,351666,Sun Oct 08 12:14:28 +0000 2017,<USER_1>,True,"@AmazonHelp Already replied, but no one seems to hear me out there. Thought hear some one would listen me..."
AMZ_0182,351666,353581,351667,Sun Oct 08 13:58:28 +0000 2017,AmazonHelp,False,<USER_1> Kindly reply to the correspondence you have received from our Social Media Team here : https://t.co/DTSNmGldJf. ^CB
AMZ_0183,503396,503389,503392,Fri Dec 01 20:39:25 +0000 2017,AmazonHelp,False,<USER_1> Oh no! I am sorry for the inconvenience this has caused you. Please allow us to assist you further. Contact us via phone or email here:  https://t.co/JzP7hlA23B ^LM
AMZ_0183,503396,503390,503389,Fri Dec 01 20:41:04 +0000 2017,<USER_1>,True,@AmazonHelp Im trying to talk with them and they are saying same thing ! I will sued them ! They are cheated me ! I just want to buy my item with same price ! Just help me for this
AMZ_0183,503396,503391,503389,Fri Dec 01 20:43:52 +0000 2017,<USER_1>,True,@AmazonHelp I dont want to talk with them anymore . I recorded everythng and i have screenshoot . I will share on youtube and everywhere
AMZ_0183,503396,503392,503393,Fri Dec 01 20:28:30 +0000 2017,<USER_1>,True,@AmazonHelp Here https://t.co/SLQh5mXvaS
AMZ_0183,503396,503393,503396,Fri Dec 01 20:23:31 +0000 2017,AmazonHelp,False,"<USER_1> I'm sorry you had a poor experience! Without personal or account information, can you tell us what's going on? ^AH"
AMZ_0183,503396,503394,503393,Fri Dec 01 20:26:29 +0000 2017,<USER_1>,True,@AmazonHelp buy my item is expensive right now . im paid 293 GBP Totally . i have a screenshoot and i can prove anythng
AMZ_0183,503396,503395,503393,Fri Dec 01 20:26:02 +0000 2017,<USER_1>,True,@AmazonHelp i caught a discount on blackfriday and i ordered a ps4 pro and https://t.co/89NhlHogu0 closed my account and canceled my order . and amazon  send me a mail and they said we are sorry and u can use ur account again but we canceled ur orders . u can order again .
AMZ_0183,503396,503396,,Fri Dec 01 20:17:57 +0000 2017,<USER_1>,True,@AmazonHelp https://t.co/HVtKiHh8jM Cheated me !
AMZ_0184,825510,825507,825510,Fri Oct 13 00:53:27 +0000 2017,AmazonHelp,False,<USER_1> Oh no! Have you tried the trouble shooting tips here: https://t.co/zFRlGnZvsS Please let us know if this helps! ^JD
AMZ_0184,825510,825508,825507,Fri Oct 13 00:57:35 +0000 2017,<USER_1>,True,@AmazonHelp Both streaming other amazon video no perfectly otherwise.
AMZ_0184,825510,825509,825507,Fri Oct 13 00:57:09 +0000 2017,<USER_1>,True,@AmazonHelp Yes. At least the ones that were applicable. Amazon video streaming fine otherwise. Just not w nfl at all on stick. Choppy on iPad.
AMZ_0184,825510,825510,,Fri Oct 13 00:45:42 +0000 2017,<USER_1>,True,@AmazonHelp not able to watch <USER_1> on Firestick. Works ok iPad but choppy video. No issues on network on my side.
AMZ_0185,1265748,1265746,1265748,Thu Oct 26 12:32:00 +0000 2017,AmazonHelp,False,"<USER_1> My apologies for the trouble, Vishnu. This does not happen usually. I will have this feedback forwarded to the team internally. ^KS"
AMZ_0185,1265748,1265747,1265746,Thu Oct 26 12:43:59 +0000 2017,<USER_1>,True,@AmazonHelp Shall I expect anything in compensation?
AMZ_0185,1265748,1265748,,Thu Oct 26 12:22:16 +0000 2017,<USER_1>,True,.@AmazonHelp ordered shirt as gift. Got delivered to wrong add. Now u refunding. Managed to screw up the day. <USER_1> <USER_1>
AMZ_0185,1265748,1265749,1265747,Thu Oct 26 12:56:00 +0000 2017,AmazonHelp,False,<USER_1> Unfortunately we won't be able to help you with any compensation. Appreciate your understanding. ^OS
AMZ_0185,1265748,1265750,1265749,Thu Oct 26 13:02:54 +0000 2017,<USER_1>,True,"@AmazonHelp Looks like COD is better. Fail to understand y delivery guy did not call me, how he delivered to a person who is not home since 5 days."
AMZ_0185,1265748,1265751,1265750,Thu Oct 26 13:33:03 +0000 2017,AmazonHelp,False,<USER_1> I'd like to have a closer look at your order. Kindly share the details here: https://t.co/beaaDm0muc and I'll contact you soon. ^MO
AMZ_0185,1265748,1265752,1265751,Thu Oct 26 13:42:10 +0000 2017,<USER_1>,True,@AmazonHelp Done. When shall I expect a revert?
AMZ_0185,1265748,1265753,1265752,Thu Oct 26 13:58:30 +0000 2017,AmazonHelp,False,<USER_1> Thank you for confirming. We'll look into it and get back to you shortly. ^PB
AMZ_0186,2807314,2807312,2807314,Mon Nov 27 01:11:51 +0000 2017,AmazonHelp,False,"<USER_1> I'm sorry for the delay with your order! Unforeseen circumstances can cause delays however, I completely understand your frustration. If your order doesn't arrive by the new estimated delivery date please let us know. ^EB"
AMZ_0186,2807314,2807313,2807312,Mon Nov 27 01:52:14 +0000 2017,<USER_1>,True,@AmazonHelp Driver was on my street according to your map view! Ridiculous
AMZ_0186,2807314,2807314,,Mon Nov 27 01:06:21 +0000 2017,<USER_1>,True,"Thanks <USER_1> @amazonhelp for the delay in shipping. I'm a prime member for 2 day shipping, not 3-4 days. Ridiculous"
AMZ_0186,2807314,2807315,2807313,Mon Nov 27 02:07:01 +0000 2017,AmazonHelp,False,"<USER_1> We can't view your account details on Twitter, but would still like to escalate this for you. Please submit the requested information here: https://t.co/qWCdcp99pr ^JS"
AMZ_0186,2807314,2807316,2807315,Mon Nov 27 03:28:55 +0000 2017,<USER_1>,True,@AmazonHelp I just filled it out
AMZ_0186,2807314,2807317,2807316,Mon Nov 27 03:36:07 +0000 2017,AmazonHelp,False,<USER_1> Thank you. We'll reach out to you shortly. ^SK
AMZ_0187,1095874,1095871,1095874,Mon Oct 23 21:35:11 +0000 2017,AmazonHelp,False,<USER_1> Oh no! That's not what we strive for. Please give us a call here: https://t.co/PyACxvY8Qo so we can get this sorted! ^TR
AMZ_0187,1095874,1095872,1095871,Mon Oct 23 21:38:22 +0000 2017,<USER_1>,True,@AmazonHelp Will call tomorrow. I’d very much like to know what you can do about <USER_1> “Ace-Ventura”-ing my deliveries.
AMZ_0187,1095874,1095873,1095871,Mon Oct 23 22:55:25 +0000 2017,<USER_1>,True,"@AmazonHelp Lemme ask you this: why were my deodorant sticks individually sealed, but the big-ole-tubba Downy wasn’t?"
AMZ_0187,1095874,1095874,,Mon Oct 23 21:32:53 +0000 2017,<USER_1>,True,"Hey <USER_1> and @AmazonHelp, looks like another “great” delivery! Now my house smells like Downy! “YAY”.  https://t.co/1H7SY4zF8g"
AMZ_0187,1095874,1095875,1095873,Mon Oct 23 23:06:00 +0000 2017,AmazonHelp,False,"<USER_1> When you reach out to us with the link provided earlier, you may also give us your packaging feedback. ^CL"
AMZ_0187,1095874,1095876,1095875,Tue Oct 24 12:17:16 +0000 2017,<USER_1>,True,"@AmazonHelp I’d like someone to call me, as I’m not going through item-by-item. Please DM me and we can set something up."
AMZ_0188,2380854,2380852,2380854,Tue Nov 14 05:18:00 +0000 2017,AmazonHelp,False,"<USER_1> Hi there, I'm sorry for the streaming trouble! Here's some information about the quality and formats, as well as their requirements: https://t.co/11ZYmiiBoe For a faster resololution, it may be easier to phone us here: https://t.co/Q7Ftz6nj80 ^DW"
AMZ_0188,2380854,2380853,2380852,Tue Nov 14 13:37:16 +0000 2017,<USER_1>,True,"@AmazonHelp I was just speaking with an entirely unhelpful agent who refused to assist me, refused to connect me with a supervisor, and when I asked for her name she hung up on me."
AMZ_0188,2380854,2380854,,Tue Nov 14 04:41:29 +0000 2017,<USER_1>,True,"@AmazonHelp is PrimeVideo supposed to be HD in Canada? Tried on XBox One, and on my computer - HD does not seem to be listed in the details of the content I tried to check. Quality is listed as ""best"". Also, cannot email support as it just pops up an error."
AMZ_0188,2380854,2380855,2380853,Tue Nov 14 13:43:27 +0000 2017,AmazonHelp,False,<USER_1> I'm so sorry for the poor experience! That's not the service we aim to provide! We'd like another opportunity to help you with your issue. Please reach out to us through the link ^DW provided to speak with us again. Let us know the outcome of the call! ^TK
AMZ_0189,420626,420625,420626,Tue Oct 10 07:28:30 +0000 2017,AmazonHelp,False,<USER_1> and the refund. Kindly do check and feel free to revert to the email for further concerns. 2/2 ^EM
AMZ_0189,420626,420626,,Tue Oct 10 07:14:58 +0000 2017,<USER_1>,True,@AmazonHelp Plz look into order # <PHONE_1>-2824334.Made single order for J7 Prime that was cancelled by U.FOR GOD'S SAKE REFUND MY AMOUNT
AMZ_0189,420626,420627,420626,Tue Oct 10 07:28:30 +0000 2017,AmazonHelp,False,<USER_1> I'm sorry to know that your order was canceled. You should have received an email regarding the reason for cancellation 1/2 ^EM
AMZ_0189,420626,420628,420626,Tue Oct 10 07:32:28 +0000 2017,AmazonHelp,False,"<USER_1> Please don't provide your order details, as we consider it to be personal information. Our Twitter page is public.​ ^EM"
AMZ_0190,1745022,1745019,1745022,Tue Nov 07 14:53:00 +0000 2017,AmazonHelp,False,<USER_1> I'm so sorry for the delivery delay! Was the order shipped by Amazon or by one of our sellers?: https://t.co/aaDyEz1VgE ^SD
AMZ_0190,1745022,1745020,1745019,Tue Nov 07 15:14:40 +0000 2017,<USER_1>,True,@AmazonHelp Shipped by <USER_1> and apparently delivered on 25th October but wasn't signed for by myself.
AMZ_0190,1745022,1745021,1745019,Tue Nov 07 15:15:38 +0000 2017,<USER_1>,True,@AmazonHelp Been in touch with all 3 companies who keep sending me round in circles. Just want what I ordered or my money back!
AMZ_0190,1745022,1745022,,Tue Nov 07 14:48:47 +0000 2017,<USER_1>,True,So upset that after 2 weeks I still haven't got the parcel I paid for from <USER_1> <USER_1> <USER_1> terrible customer service :(
AMZ_0190,1745022,1745023,1745021,Tue Nov 07 15:21:31 +0000 2017,AmazonHelp,False,<USER_1> It sounds like you may need to file an A-to-Z Guarantee claim. Check out the details here: https://t.co/NhpWWXcGhZ ^MJ
AMZ_0190,1745022,1745024,1745021,Tue Nov 07 15:19:28 +0000 2017,AmazonHelp,False,"<USER_1> I'm sorry for the run around. When you did reach out to the seller, what was advised? We'd love to help! ^MH"
AMZ_0190,1745022,1745025,1745023,Tue Nov 07 15:23:06 +0000 2017,<USER_1>,True,@AmazonHelp Already done that and it was denied because someone has forged my signature
AMZ_0190,1745022,1745026,1745024,Tue Nov 07 15:23:59 +0000 2017,<USER_1>,True,"@AmazonHelp I emailed them last week and called them today. They sent me to amazon and amazon sent me back to yodel, who sent me back to the seller..."
AMZ_0190,1745022,1745027,1745026,Tue Nov 07 15:27:00 +0000 2017,AmazonHelp,False,<USER_1> You do have the option to appeal a denied claim by following these steps: https://t.co/lbr3SXJqG6 ^AN
AMZ_0190,1745022,1745028,1745027,Tue Nov 07 15:47:57 +0000 2017,<USER_1>,True,@AmazonHelp I don't understand why it was denied in the first place and why I am having to spend so long trying to sort this out
AMZ_0191,2310501,2310500,2310501,Mon Nov 13 04:30:00 +0000 2017,AmazonHelp,False,<USER_1> I'm sorry for the unexpected charge. See here for how to cancel: https://t.co/CWc5VwXegs. You can expect a full refund as long as none of the benefits were used after switching to the paid membership. ^CL
AMZ_0191,2310501,2310501,,Mon Nov 13 04:25:16 +0000 2017,<USER_1>,True,"Forgot to cancel my free trial of Amazon prime. They fucking got me. This is how Amazon got so big,  idiots like me."
AMZ_0192,2901032,2901025,2901027,Tue Nov 28 18:21:27 +0000 2017,AmazonHelp,False,<USER_1> Hello Keau!  I'm sorry that this has been so frustrating!  We are unable to pull your account details over social media.  Please reach out to us via phone so we can investigate the status of your account and see what options are available.  https://t.co/jzvkhdlrK5 ^WB
AMZ_0192,2901032,2901026,2901025,Tue Nov 28 18:56:07 +0000 2017,<USER_1>,True,@AmazonHelp I sent you a DM with my number. Pls have someone who can actually help call me. This shouldn’t be so difficult.
AMZ_0192,2901032,2901027,2901031,Tue Nov 28 18:14:10 +0000 2017,<USER_1>,True,"@AmazonHelp Corresponding via email has been an exercise in futility. At this point, I need a phone call ASAP. I want to move this off of social media, but there has been zero action taken. You know my contact information. I supplied you both my phone number and twitter handle. Call me."
AMZ_0192,2901032,2901028,2901026,Tue Nov 28 19:08:00 +0000 2017,AmazonHelp,False,<USER_1> The link provided earlier by ^WB will give you the option to reach us via phone or chat. We are not able to view your account details on Twitter. Please follow the link and keep us updated. ^JS
AMZ_0192,2901032,2901029,2901028,Tue Nov 28 20:20:58 +0000 2017,<USER_1>,True,@AmazonHelp This is an identity theft and fraud issue. A report has been filed with the Postal Inspector. Amazon support has been useless and unable to resolve this issue. Just treat me like a human! <USER_1> @amazonhelp <USER_1> <USER_1>
AMZ_0192,2901032,2901030,2901028,Tue Nov 28 20:18:59 +0000 2017,<USER_1>,True,@AmazonHelp Completely useless. All I get from your support are emails that can't be responded to. Your support agents continuously don't understand the problem and can only send back boiler plate responses. I need a two way dialogue with someone at Amazon Support that can resolve this issue
AMZ_0192,2901032,2901031,2901032,Tue Nov 28 18:12:03 +0000 2017,AmazonHelp,False,"<USER_1> I apologize for the trouble! What was advised when you last spoke with us? Did we schedule a follow-up? Can you access your account, or has it been locked? ^NC"
AMZ_0192,2901032,2901032,,Tue Nov 28 18:08:03 +0000 2017,<USER_1>,True,Amazon has operationalized the human out of customer service. It's been a week since I first contacted Amazon regarding a fraud and identity theft issue. I've been given the run around and there has been zero action taken to fix this. <USER_1> <USER_1> @AmazonHelp <USER_1>
AMZ_0193,2673420,2673415,2673416,Tue Oct 31 12:14:00 +0000 2017,AmazonHelp,False,"<USER_1> Because we do not have access to accounts over Twitter, I won't be able to investigate the order. A phone/chat support ... (1/2)"
AMZ_0193,2673420,2673416,2673418,Tue Oct 31 12:05:53 +0000 2017,<USER_1>,True,@AmazonHelp Both times they were being shipped to an Amazon Locker so I believe that's Amazon's own carrier.
AMZ_0193,2673420,2673417,2673416,Tue Oct 31 12:13:30 +0000 2017,AmazonHelp,False,<USER_1> (2/2) Would be better positioned to assist you with the delivery issue. Please reach out to them here: https://t.co/JzP7hlA23B ^MJ
AMZ_0193,2673420,2673418,2673419,Tue Oct 31 12:03:00 +0000 2017,AmazonHelp,False,"<USER_1> David, I'm sorry for the delays. Were these order shipped by a particular carrier or more than one? ^EM"
AMZ_0193,2673420,2673419,2673420,Tue Oct 31 11:58:19 +0000 2017,<USER_1>,True,<USER_1> ...for long (touring actor) this is infuriating. Having to manually call to cancel and rearrange is not what I look for. Plz address [2/2]
AMZ_0193,2673420,2673420,,Tue Oct 31 11:55:31 +0000 2017,<USER_1>,True,"Hey <USER_1> Prime doesn't come cheap. 2 ""guaranteed"" deliveries in the last 6 months not on time. As someone who isn't in one place... [1/2]"
AMZ_0193,2673420,2673421,2673417,Tue Oct 31 12:15:26 +0000 2017,<USER_1>,True,@AmazonHelp The order has been already sorted. It took days and plenty of time on hold. I'm saying it's poor form and shouldn't be happening.
AMZ_0193,2673420,2673422,2673417,Tue Oct 31 12:16:00 +0000 2017,<USER_1>,True,@AmazonHelp Not what I expected when I renewed my Prime membership this year.
AMZ_0194,993192,993191,993192,Sun Oct 22 15:56:30 +0000 2017,AmazonHelp,False,"<USER_1> (2/2) and Devices: https://t.co/o87OnrGtCn as a ""past issue"" ^MG"
AMZ_0194,993192,993192,,Sun Oct 22 15:04:28 +0000 2017,<USER_1>,True,.<USER_1> you have the worst customer service that doesn't understand digital subscriptions - u aren't delivering and ur people r useless
AMZ_0194,993192,993193,993192,Sun Oct 22 15:56:30 +0000 2017,AmazonHelp,False,"<USER_1> Make sure you're connected to a network. If you don't receive it by end of day, see if it's under Manage Your Content (1/2)"
AMZ_0195,467436,467434,467436,Fri Dec 01 05:43:00 +0000 2017,AmazonHelp,False,"<USER_1> I'm sorry you've not received the refund yet. Please reach us here:  https://t.co/2t6DQoUmNZ we'll look into it &amp; help you. 
Also, please don't provide your order details, as we consider it to be personal information. Our Twitter page is visible to the public. ^AP"
AMZ_0195,467436,467435,467434,Fri Dec 01 05:46:59 +0000 2017,<USER_1>,True,"@AmazonHelp Where do I go from the link you provided? I tried calling already from there and couldn't connect. All the options I tried to have you call me results in an announcement ""Unable to find order"". Please call me or give me a number where I can call"
AMZ_0195,467436,467436,,Fri Dec 01 05:38:09 +0000 2017,<USER_1>,True,"<USER_1> Order ID <PHONE_1>-5497923 refund requested on 20 Oct. Still not received refund. Unable to contact your customer service. All I hear is ""Unable to find your order"". Please call me ASAP and update my refund status."
AMZ_0195,467436,467437,467435,Fri Dec 01 06:03:28 +0000 2017,AmazonHelp,False,"<USER_1> Please login from order associated account and connect with our support team with by using appropriate issue code. You can get in touch with us via chat, email or call. ^RW"
AMZ_0195,467436,467438,467437,Fri Dec 01 06:40:08 +0000 2017,<USER_1>,True,"@AmazonHelp Tried calling, still can't connect! Still the same announcement of being unable to find my order! Please give me a number I can call. Your IVR system is broken."
AMZ_0195,467436,467439,467438,Fri Dec 01 06:51:35 +0000 2017,AmazonHelp,False,<USER_1> Kindly reach out to our support team via phone here: https://t.co/TK4yevTaND . Do keep us posted.^EM https://t.co/1XyLaGkcaN
AMZ_0195,467436,467440,467439,Fri Dec 01 15:30:34 +0000 2017,<USER_1>,True,"@AmazonHelp Thanks, issue is sorted! Lightning fast help received! Much appreciated! Kudos! 👍🤜🤛👌"
AMZ_0195,467436,467441,467440,Fri Dec 01 15:53:30 +0000 2017,AmazonHelp,False,<USER_1> Glad to know that your issue is resolved. Do keep us posted for any further concerns. ^SG
AMZ_0196,1678008,1678006,1678008,Mon Nov 06 15:06:04 +0000 2017,AmazonHelp,False,"<USER_1> Hola, ¿has reportado la incidencia con nuestro Servicio al Cliente directamente? ^KS"
AMZ_0196,1678008,1678007,1678006,Tue Nov 07 16:04:19 +0000 2017,<USER_1>,True,@AmazonHelp Si. No me devuelven el dinero. En cuanto a la navegacion de ese banner..lo tienen en cuenta
AMZ_0196,1678008,1678008,,Mon Nov 06 14:56:19 +0000 2017,<USER_1>,True,"<USER_1> me he dado cuenta que estaba suscrita a unlimited desde enero, solo navegando y de repente estas suscrito,sin un correo. FLIPO"
AMZ_0196,1678008,1678009,1678007,Tue Nov 07 16:46:29 +0000 2017,AmazonHelp,False,<USER_1> ¿Qué opciones te brindaron nuestros compañeros del SAC? ^VL
AMZ_0196,1678008,1678010,1678009,Tue Nov 07 21:52:26 +0000 2017,<USER_1>,True,@AmazonHelp Que no podian hacer nada. Incluso hable con un supervisor. Nada.
AMZ_0196,1678008,1678011,1678009,Tue Nov 07 21:50:31 +0000 2017,<USER_1>,True,@AmazonHelp Ninguna
AMZ_0196,1678008,1678012,1678010,Wed Nov 08 11:49:53 +0000 2017,<USER_1>,True,@AmazonHelp Pondre una reclamacion en Consumo por publicidad facil de inscribirse y engañosa
AMZ_0197,2291244,2291242,2291244,Sun Nov 12 10:56:00 +0000 2017,AmazonHelp,False,<USER_1> Please use this link to double check for a Prime Membership and to receive any eligible refund : https://t.co/1itxHj5wK8 ^TD
AMZ_0197,2291244,2291243,2291242,Sun Nov 12 10:59:36 +0000 2017,<USER_1>,True,@AmazonHelp I’ve cancelled but am I able to be refunded?  Was given a free trial of Prime when purchasing something and then it’s charged without notifying me
AMZ_0197,2291244,2291244,,Sun Nov 12 10:35:14 +0000 2017,<USER_1>,True,"<USER_1> I’ve been randomly charged £7.99 for Prime and I’m not a member, contacted customer service and no reply, please help"
AMZ_0197,2291244,2291245,2291243,Sun Nov 12 11:27:55 +0000 2017,AmazonHelp,False,"<USER_1> We send out an e-mail after cancellation that will confirm if you were eligible for a refund. You can check here for your confirmation e-mail: https://t.co/y97BWZvRwA Please let us know if you still have questions, or need further guidance! We're here for you! ^KN"
AMZ_0197,2291244,2291246,2291245,Sun Nov 12 11:33:41 +0000 2017,<USER_1>,True,"@AmazonHelp Thanks guys, I’ve received confirmation but it doesn’t mention eligibility for a refund, the account wasn’t used as I wasn’t aware I’d be charged, will I be able to receive a refund?"
AMZ_0197,2291244,2291247,2291246,Sun Nov 12 11:54:57 +0000 2017,AmazonHelp,False,"<USER_1> We're not able to access your account information via Twitter, but you can reach us here via phone/chat and we'll take a look at the cancellation and see if a refund processed with it: https://t.co/JzP7hlA23B

If you have anything else for us, please let us know! ^KN"
AMZ_0198,205033,205029,205031,Thu Oct 05 00:12:28 +0000 2017,AmazonHelp,False,<USER_1> We appreciate you reaching out! Here are the current devices compatible: https://t.co/j1JIqbHh41 ^GG
AMZ_0198,205033,205030,205029,Thu Oct 05 00:15:24 +0000 2017,<USER_1>,True,@AmazonHelp Thanks cause <USER_1> be bullshitting with streaming on phones
AMZ_0198,205033,205031,205033,Thu Oct 05 00:08:20 +0000 2017,<USER_1>,True,<USER_1> Will it work on my phone?
AMZ_0198,205033,205032,205030,Thu Oct 05 00:21:14 +0000 2017,<USER_1>,True,@AmazonHelp <USER_1> I didnt see lg on that android list.  Im sure you'll have it fixed by tomorrow
AMZ_0198,205033,205033,,Fri Sep 29 17:29:17 +0000 2017,<USER_1>,True,"A new way to experience #TNF! Stream your favorite teams LIVE on Amazon Prime Video. Also on NFL Network, CBS, and NBC. #TNFonPrimeVideo https://t.co/HTnbkrHHTF"
AMZ_0199,407435,407433,407435,Mon Oct 09 22:09:30 +0000 2017,AmazonHelp,False,"<USER_1> Oh no! I'm sorry for the inconvenience. Just to clarify, was your order placed on our .com site, .de, or .es site? ^DW"
AMZ_0199,407435,407434,407433,Tue Oct 10 05:20:31 +0000 2017,<USER_1>,True,@AmazonHelp .es
AMZ_0199,407435,407435,,Mon Oct 09 22:02:30 +0000 2017,<USER_1>,True,@AmazonHelp Got an email saying today's order was cancelled because it was fraudulent. But it wasn't. How do I reinstate the order?
AMZ_0199,407435,407436,407434,Tue Oct 10 05:27:44 +0000 2017,AmazonHelp,False,<USER_1> Once an order has been canceled it can't be reinstated. Though in that case you can place a new order ^AR
AMZ_0199,407435,407437,407436,Tue Oct 10 05:37:43 +0000 2017,<USER_1>,True,@AmazonHelp Order not even in my history anymore. And most (except one) credit cards removed from acct.
AMZ_0199,407435,407438,407436,Tue Oct 10 05:34:09 +0000 2017,<USER_1>,True,@AmazonHelp Ok. So the email real or phishing? Didn’t have logo but was well written. Said order cancelled and p/w changed. Both appeared to occur.
AMZ_0199,407435,407439,407437,Tue Oct 10 05:44:00 +0000 2017,AmazonHelp,False,<USER_1> Here you can find info to identify if an e-mail is from us or if it is phishing: https://t.co/3HdpQahAE5 ^AR
AMZ_0199,407435,407440,407438,Tue Oct 10 05:41:00 +0000 2017,AmazonHelp,False,"<USER_1> James, here: https://t.co/QBfCb3M45d you can find more information about how to identify an email from Amazon.es. ^VM"
AMZ_0199,407435,407441,407440,Tue Oct 10 05:43:02 +0000 2017,<USER_1>,True,@AmazonHelp Will reorder. How can I ensure it won’t be flagged and cancelled again? Pls call me before cancelling orders. Very frustrating.
AMZ_0200,1246851,1246850,1246851,Thu Oct 26 01:09:29 +0000 2017,AmazonHelp,False,<USER_1> I'd like for a specialist in my team to look into this. Please tell us more here:https://t.co/ttMYjmhCPx. ^SK
AMZ_0200,1246851,1246851,,Thu Oct 26 00:59:05 +0000 2017,<USER_1>,True,"Alright, enough of this bs. @AmazonHelp, I want someone in charge to call me and explain to me why I once again had to dig for my packages. https://t.co/j4VuiC5t29"
